Experiment:, Cathode characterisation
Start date:, ?ter? 31. ??jna 2023
Start time:, 12:07:23 +01:00
Time (s), Voltage (V), Current Density (A/cm2)
853.55, 0.05044932, -0.6274298
853.65, 0.05254874, -0.2917518
853.7, 0.0535432, -0.216095
853.75, 0.05464816, -0.1608014
853.8, 0.05564263, -0.1628377
853.85, 0.0566213, -0.1399684
853.9, 0.05756841, -0.115376
853.95, 0.05861023, -0.07308341
854.05, 0.06070966, -0.07605955
854.1, 0.06176726, -0.05929916
854.15, 0.0626828, -0.05052736
854.2, 0.06370883, -0.03063417
854.25, 0.06470329, -0.02703146
854.35, 0.06667644, -0.005258605
854.4, 0.0676709, 0.005549503
854.45, 0.06864958, 0.007585815
854.5, 0.06970719, 0.01776737
854.55, 0.07082793, 0.03531097
854.6, 0.07175925, 0.02935867
854.65, 0.07269058, 0.02575597
854.7, 0.07377975, 0.05269792
854.75, 0.07471108, 0.02810556
854.85, 0.07668421, 0.05755374
854.9, 0.07758398, 0.04956514
854.95, 0.07867315, 0.07118136
855, 0.07971496, 0.07259111
855.05, 0.08077257, 0.06679546
855.15, 0.08269836, 0.07118136
855.2, 0.08377175, 0.07635045
855.25, 0.08476621, 0.07447078
855.3, 0.0856344, 0.07321767
855.35, 0.08662885, 0.09373742
855.4, 0.08756018, 0.07666373
855.5, 0.08951754, 0.08825504
855.55, 0.09066986, 0.1004729
855.6, 0.09171168, 0.09843659
855.65, 0.09254829, 0.08308594
855.7, 0.09354275, 0.09749676
855.75, 0.09463193, 0.1061119
855.8, 0.09556325, 0.09890651
855.85, 0.09646299, 0.09718347
855.95, 0.09842036, 0.1010995
856, 0.09949375, 0.1070518
856.05, 0.1004882, 0.1081482
856.1, 0.1015143, 0.1128474
856.15, 0.1024929, 0.1053287
856.2, 0.1034558, 0.1045455
856.25, 0.1045134, 0.1180165
856.35, 0.1063761, 0.1122209
856.4, 0.1073705, 0.1103412
856.45, 0.1082703, 0.1133173
856.5, 0.1093279, 0.1216192
856.55, 0.1104013, 0.1164501
856.6, 0.11138, 0.1126908
856.7, 0.1132426, 0.1162935
856.75, 0.1143949, 0.1252219
856.8, 0.1155315, 0.1258485
856.85, 0.1165575, 0.1219325
856.9, 0.1176309, 0.1177032
856.95, 0.1186569, 0.1244387
857.05, 0.1205353, 0.1120642
857.1, 0.1214667, 0.130391
857.15, 0.122619, 0.1213059
857.2, 0.1235187, 0.1145704
857.25, 0.1244816, 0.1319574
857.3, 0.1254445, 0.1119076
857.35, 0.1265495, 0.134307
857.45, 0.1285542, 0.1181731
857.5, 0.1295171, 0.1291379
857.55, 0.1305431, 0.1153536
857.6, 0.1315218, 0.1239688
857.65, 0.1325163, 0.1324273
857.7, 0.1334634, 0.119113
857.75, 0.1343789, 0.1255352
857.85, 0.1363363, 0.128668
857.9, 0.1372834, 0.1183298
857.95, 0.1384041, 0.1291379
858, 0.1394459, 0.1200528
858.05, 0.1404878, 0.1285113
858.1, 0.1414033, 0.1234989
858.15, 0.1425083, 0.1211493
858.2, 0.1434869, 0.1249086
858.3, 0.1453496, 0.1161368
858.35, 0.1464388, 0.1308609
858.4, 0.1476069, 0.1253785
858.45, 0.148554, 0.1202094
858.5, 0.1495011, 0.1178599
858.6, 0.1513953, 0.1260051
858.65, 0.152516, 0.1234989
858.7, 0.1534789, 0.1275715
858.75, 0.1546628, 0.1256918
858.8, 0.155752, 0.1234989
858.85, 0.1566833, 0.1209926
859, 0.1595562, 0.1266317
859.05, 0.1604086, 0.1177032
859.1, 0.1613084, 0.1164501
859.15, 0.1623502, 0.1349335
859.2, 0.1634709, 0.1145704
859.25, 0.1643707, 0.1256918
859.3, 0.1654441, 0.1252219
859.35, 0.166549, 0.1228723
859.45, 0.1684117, 0.1187997
859.5, 0.1693588, 0.1217758
859.55, 0.1702428, 0.1198962
859.6, 0.1712688, 0.1197395
859.7, 0.1732577, 0.1170767
859.75, 0.1743153, 0.1234989
859.8, 0.175294, 0.1205227
859.85, 0.1764305, 0.1209926
859.9, 0.177425, 0.1180165
859.95, 0.178451, 0.119113
860, 0.1793034, 0.1117509
860.05, 0.180361, 0.1192696
860.15, 0.1823657, 0.1249086
860.2, 0.1834233, 0.1148837
860.25, 0.1843862, 0.1214626
860.3, 0.1853807, 0.1194263
860.35, 0.1864383, 0.1145704
860.4, 0.1873538, 0.1192696
860.45, 0.1883799, 0.1180165
860.5, 0.189327, 0.1150403
860.6, 0.1913001, 0.1180165
860.65, 0.1922472, 0.1159802
860.7, 0.1932733, 0.1159802
860.75, 0.1942835, 0.1222458
860.8, 0.1954674, 0.1189563
860.85, 0.1964777, 0.1125341
860.95, 0.1982772, 0.1161368
861, 0.1992874, 0.1175466
861.05, 0.2002977, 0.1186431
861.1, 0.2012921, 0.1086181
861.15, 0.2023497, 0.1187997
861.25, 0.2043702, 0.1166067
861.3, 0.2053647, 0.1142572
861.35, 0.2063276, 0.1155103
861.4, 0.2073378, 0.1137872
861.45, 0.2083954, 0.1162935
861.5, 0.2092478, 0.1150403
861.55, 0.2103212, 0.1142572
861.65, 0.2122944, 0.1145704
861.7, 0.2134151, 0.1186431
861.75, 0.2143938, 0.1148837
861.8, 0.2155303, 0.1233422
861.85, 0.2164143, 0.1083049
861.9, 0.2173772, 0.1211493
861.95, 0.2185453, 0.1131607
862.05, 0.2206289, 0.1194263
862.1, 0.2215918, 0.1187997
862.15, 0.2224758, 0.1109677
862.2, 0.2234545, 0.1153536
862.25, 0.2243384, 0.1097146
862.3, 0.2255381, 0.1242821
862.35, 0.226501, 0.1101845
862.45, 0.2283321, 0.1189563
862.5, 0.229437, 0.1126908
862.55, 0.2304631, 0.1155103
862.6, 0.2314891, 0.1120642
862.65, 0.2324678, 0.1137872
862.7, 0.2335254, 0.1161368
862.75, 0.2345672, 0.1180165
862.8, 0.2356248, 0.1120642
862.9, 0.2374559, 0.1126908
862.95, 0.238403, 0.1150403
863, 0.2394922, 0.1162935
863.05, 0.2403446, 0.1068951
863.1, 0.2414811, 0.1194263
863.15, 0.242444, 0.1089314
863.25, 0.2445119, 0.1097146
863.3, 0.2454905, 0.1126908
863.35, 0.2464534, 0.1104978
863.4, 0.2474479, 0.1137872
863.45, 0.2485213, 0.1100279
863.5, 0.2494368, 0.1150403
863.6, 0.2515204, 0.1145704
863.65, 0.2524675, 0.1084615
863.7, 0.2534778, 0.1133173
863.75, 0.2545354, 0.1104978
863.8, 0.2555299, 0.1109677
863.85, 0.2564928, 0.1076783
863.95, 0.2584344, 0.107365
864, 0.2595393, 0.1150403
864.05, 0.2605811, 0.1111244
864.1, 0.2615598, 0.107365
864.15, 0.2624122, 0.1072084
864.2, 0.2634225, 0.1081482
864.25, 0.2643853, 0.1079916
864.3, 0.2653483, 0.1101845
864.4, 0.2673845, 0.1025092
864.45, 0.2683316, 0.1084615
864.5, 0.2693261, 0.1084615
864.55, 0.2705415, 0.1094013
864.6, 0.2714729, 0.1050154
864.7, 0.2733987, 0.1076783
864.75, 0.2745352, 0.1072084
864.8, 0.2756401, 0.1026659
864.85, 0.2766188, 0.1067385
864.9, 0.2776449, 0.1045455
864.95, 0.2786393, 0.1067385
865, 0.2795707, 0.1020393
865.1, 0.281528, 0.1050154
865.15, 0.2824909, 0.1026659
865.2, 0.2835327, 0.1064252
865.25, 0.2845745, 0.1032924
865.3, 0.2856006, 0.1004729
865.35, 0.2864214, 0.1040756
865.4, 0.2874317, 0.1043889
865.45, 0.2884103, 0.1020393
865.55, 0.2903677, 0.1028225
865.6, 0.2913622, 0.1020393
865.65, 0.2923566, 0.103919
865.7, 0.2933511, 0.1031358
865.75, 0.294535, 0.1025092
865.8, 0.2955294, 0.09984634
865.9, 0.297471, 0.103919
865.95, 0.2983865, 0.1009428
866, 0.2993968, 0.1023526
866.05, 0.300486, 0.1004729
866.1, 0.3014489, 0.09906314
866.15, 0.3023328, 0.1012561
866.2, 0.3034062, 0.1025092
866.3, 0.3053478, 0.09953307
866.35, 0.3064685, 0.1014127
866.4, 0.3075261, 0.100003
866.45, 0.3085995, 0.1010995
866.5, 0.309594, 0.09937642
866.6, 0.3115829, 0.09843659
866.65, 0.3126721, 0.1012561
866.7, 0.313556, 0.09812331
866.75, 0.3150886, 0.08590545
866.8, 0.3155626, 0.09906314
866.85, 0.3165106, 0.09937642
866.9, 0.3176165, 0.1021959
866.95, 0.3187225, 0.1003163
867.05, 0.3207764, 0.09968971
867.1, 0.3217244, 0.1006295
867.15, 0.3226724, 0.09812331
867.2, 0.3236203, 0.100003
867.25, 0.3244103, 0.09953307
867.3, 0.3255163, 0.09906314
867.35, 0.3266223, 0.1004729
867.45, 0.3283602, 0.09984634
867.5, 0.3296242, 0.09890651
867.55, 0.3304142, 0.09843659
867.6, 0.3316782, 0.09781004
867.65, 0.3326261, 0.09874986
867.7, 0.3335741, 0.09937642
867.75, 0.3346801, 0.09781004
867.85, 0.336734, 0.09984634
867.9, 0.337682, 0.09906314
867.95, 0.338788, 0.1006295
868, 0.3397359, 0.09906314
868.05, 0.3406839, 0.09812331
868.15, 0.3427379, 0.09937642
868.2, 0.3435278, 0.09827995
868.3, 0.3457398, 0.09968971
868.35, 0.3466877, 0.09812331
868.4, 0.3476357, 0.09843659
868.45, 0.3485837, 0.09749676
868.55, 0.3504796, 0.09827995
868.6, 0.3515856, 0.09984634
868.65, 0.3525335, 0.09765339
868.7, 0.3534816, 0.09827995
868.75, 0.3545875, 0.09874986
868.85, 0.3566415, 0.09843659
868.9, 0.3575894, 0.09906314
869, 0.3594854, 0.09671356
869.05, 0.3604333, 0.09796667
869.1, 0.3613814, 0.09749676
869.15, 0.3623293, 0.09968971
869.2, 0.3634353, 0.0968702
869.25, 0.3643833, 0.09812331
869.35, 0.3662792, 0.09843659
869.4, 0.3673852, 0.09734011
869.45, 0.3683331, 0.09781004
869.5, 0.3692811, 0.09796667
869.55, 0.3703871, 0.0968702
869.6, 0.3713351, 0.09718347
869.65, 0.372283, 0.09749676
869.75, 0.374495, 0.09937642
869.8, 0.375601, 0.09796667
869.85, 0.3767069, 0.09859323
869.9, 0.3776549, 0.09812331
869.95, 0.3786029, 0.09796667
870.05, 0.3803408, 0.09827995
870.1, 0.3812888, 0.09968971
870.15, 0.3823948, 0.09906314
870.2, 0.3833427, 0.09718347
870.25, 0.3842907, 0.09749676
870.3, 0.3852387, 0.09937642
870.35, 0.3860286, 0.09781004
870.4, 0.3871346, 0.09796667
870.45, 0.3880826, 0.09781004
870.5, 0.3890306, 0.100003
870.6, 0.3912425, 0.09765339
870.65, 0.3920325, 0.09843659
870.7, 0.3929805, 0.09702684
870.75, 0.3940865, 0.09827995
870.8, 0.3950344, 0.1004729
870.9, 0.3972464, 0.09812331
870.95, 0.3980364, 0.09749676
871, 0.3989843, 0.09843659
871.05, 0.3999323, 0.09718347
871.1, 0.4010383, 0.09765339
871.15, 0.4021442, 0.09843659
871.25, 0.4040402, 0.09906314
871.3, 0.4049881, 0.09702684
871.35, 0.4059362, 0.09921978
871.4, 0.4068841, 0.09890651
871.45, 0.4078321, 0.09749676
871.5, 0.4087801, 0.09906314
871.55, 0.409728, 0.09953307
871.65, 0.41194, 0.09859323
871.7, 0.4130459, 0.09953307
871.75, 0.4139939, 0.09874986
871.8, 0.4150999, 0.09812331
871.85, 0.4160478, 0.09812331
871.9, 0.4173118, 0.09827995
871.95, 0.4182598, 0.09968971
872, 0.4192078, 0.09812331
872.1, 0.4211037, 0.09765339
872.15, 0.4220517, 0.1004729
872.2, 0.4231577, 0.1007862
872.25, 0.4242636, 0.09749676
872.3, 0.4250536, 0.1004729
872.4, 0.4272656, 0.09953307
872.45, 0.4280555, 0.09921978
872.5, 0.4291615, 0.1004729
872.55, 0.4301095, 0.1006295
872.6, 0.4312155, 0.1018827
872.65, 0.4321634, 0.09890651
872.7, 0.4331114, 0.09921978
872.75, 0.4340594, 0.09812331
872.8, 0.4350073, 0.09937642
872.9, 0.4372193, 0.1007862
872.95, 0.4380093, 0.09984634
873, 0.4392732, 0.100003
873.05, 0.4402212, 0.09953307
873.15, 0.4422751, 0.09937642
873.2, 0.4432231, 0.1015694
873.25, 0.4440131, 0.1004729
873.3, 0.444961, 0.1014127
873.35, 0.4459091, 0.1001596
873.4, 0.447015, 0.1025092
873.45, 0.447963, 0.1004729
873.5, 0.449069, 0.1010995
873.6, 0.4509649, 0.1006295
873.65, 0.4519129, 0.1021959
873.7, 0.4530188, 0.1004729
873.75, 0.4539668, 0.09937642
873.8, 0.4549148, 0.101726
873.85, 0.4560207, 0.09906314
873.9, 0.4571267, 0.1014127
873.95, 0.4580747, 0.1007862
874.05, 0.4599707, 0.1004729
874.1, 0.4609186, 0.1028225
874.15, 0.4620246, 0.1014127
874.2, 0.4629726, 0.1009428
874.3, 0.4648685, 0.1007862
874.35, 0.4656585, 0.1023526
874.4, 0.4667645, 0.1004729
874.45, 0.4677125, 0.1012561
874.5, 0.4686604, 0.09843659
874.55, 0.4697664, 0.101726
874.6, 0.4707144, 0.1015694
874.7, 0.4729263, 0.103449
874.75, 0.4738743, 0.1014127
874.8, 0.4749802, 0.1026659
874.85, 0.4759282, 0.1020393
874.9, 0.4768762, 0.1026659
874.95, 0.4779822, 0.1031358
875, 0.4787721, 0.1014127
875.05, 0.4798781, 0.1025092
875.15, 0.4816161, 0.1023526
875.2, 0.482722, 0.1021959
875.25, 0.48367, 0.1032924
875.3, 0.484618, 0.1036057
875.35, 0.485566, 0.1028225
875.4, 0.4866719, 0.1020393
875.45, 0.4876199, 0.1031358
875.55, 0.4895158, 0.1020393
875.6, 0.4906218, 0.1025092
875.65, 0.4917278, 0.1028225
875.75, 0.4936238, 0.103449
875.85, 0.4956777, 0.1025092
875.9, 0.4967837, 0.1031358
875.95, 0.4978896, 0.1032924
876, 0.4986796, 0.1042322
876.05, 0.4997856, 0.1031358
876.1, 0.5007336, 0.1037623
876.15, 0.5016815, 0.1040756
876.2, 0.5027875, 0.1065818
876.25, 0.5037354, 0.103449
876.35, 0.5056314, 0.1047022
876.4, 0.5065793, 0.1054853
876.45, 0.5076854, 0.1054853
876.5, 0.5086333, 0.1040756
876.6, 0.5105293, 0.1045455
876.65, 0.5114772, 0.1057986
876.7, 0.5125833, 0.1053287
876.75, 0.5136892, 0.103449
876.8, 0.5151111, 0.1048588
876.85, 0.5165331, 0.1067385
876.9, 0.5177971, 0.1043889
876.95, 0.518903, 0.1057986
877, 0.520167, 0.1047022
877.05, 0.521273, 0.1057986
877.15, 0.5230109, 0.1043889
877.2, 0.5239589, 0.107365
877.25, 0.5250649, 0.1050154
877.3, 0.5260128, 0.1059553
877.35, 0.5269608, 0.1054853
877.4, 0.5280668, 0.1072084
877.5, 0.5299627, 0.1064252
877.55, 0.5309107, 0.1087748
877.6, 0.5320167, 0.1067385
877.65, 0.5329646, 0.1064252
877.75, 0.5350186, 0.1079916
877.8, 0.5359666, 0.1061119
877.85, 0.5369146, 0.1059553
877.9, 0.5378625, 0.1067385
877.95, 0.5389685, 0.1084615
878, 0.5400745, 0.107365
878.05, 0.5410224, 0.1068951
878.1, 0.5419704, 0.1103412
878.15, 0.5430764, 0.107835
878.2, 0.5440243, 0.1087748
878.3, 0.5460783, 0.1087748
878.35, 0.5470263, 0.1070518
878.4, 0.5479743, 0.1087748
878.45, 0.5489222, 0.1092447
878.5, 0.5498702, 0.1083049
878.55, 0.5509762, 0.1064252
878.65, 0.5528721, 0.1067385
878.7, 0.5539781, 0.1079916
878.75, 0.555084, 0.1070518
878.8, 0.5561901, 0.1097146
878.85, 0.55698, 0.107365
878.9, 0.557928, 0.1090881
879, 0.5601399, 0.1094013
879.05, 0.5612459, 0.1081482
879.1, 0.5621939, 0.1094013
879.15, 0.5631419, 0.1076783
879.2, 0.5640898, 0.1084615
879.25, 0.5650378, 0.1079916
879.35, 0.5669338, 0.107365
879.4, 0.5678818, 0.1097146
879.45, 0.5689877, 0.1090881
879.5, 0.5699357, 0.1079916
879.55, 0.5710416, 0.1079916
879.6, 0.5719896, 0.1087748
879.65, 0.5729376, 0.1070518
879.7, 0.5738856, 0.1079916
879.8, 0.5759395, 0.1076783
879.9, 0.5778354, 0.1084615
879.95, 0.5789415, 0.1070518
880, 0.5798894, 0.1084615
880.1, 0.5821013, 0.1053287
880.15, 0.5832073, 0.1061119
880.2, 0.5839972, 0.1054853
880.25, 0.5851033, 0.1061119
880.3, 0.5858933, 0.105642
880.35, 0.5869992, 0.107365
880.4, 0.5879472, 0.1053287
880.45, 0.5888951, 0.1059553
880.5, 0.5900012, 0.105642
880.6, 0.5920551, 0.1043889
880.65, 0.593003, 0.103449
880.7, 0.593951, 0.1031358
880.75, 0.5948989, 0.1021959
880.8, 0.596005, 0.1031358
880.85, 0.596953, 0.1020393
880.95, 0.5988489, 0.1018827
881, 0.5997968, 0.1006295
881.05, 0.6009029, 0.1006295
881.1, 0.6018508, 0.1007862
881.15, 0.6029568, 0.1025092
881.25, 0.6046947, 0.1007862
881.3, 0.6054847, 0.09984634
881.35, 0.6065907, 0.1014127
881.4, 0.6075386, 0.100003
881.45, 0.6084867, 0.1010995
881.5, 0.6094346, 0.09906314
881.55, 0.6105406, 0.09812331
881.6, 0.6116465, 0.1001596
881.65, 0.6125945, 0.09640028
881.75, 0.6146485, 0.09640028
881.8, 0.6155964, 0.09906314
881.85, 0.6165444, 0.09640028
881.9, 0.6176503, 0.09546044
882, 0.6198623, 0.09718347
882.05, 0.6206523, 0.09514717
882.1, 0.6216003, 0.09671356
882.15, 0.6227062, 0.09483389
882.2, 0.6236542, 0.09608699
882.25, 0.6246022, 0.09702684
882.35, 0.6268141, 0.09452061
882.4, 0.6277621, 0.09342413
882.45, 0.62871, 0.0932675
882.5, 0.629658, 0.09358077
882.55, 0.6306061, 0.09467725
882.6, 0.631554, 0.09185775
882.65, 0.63266, 0.09577372
882.7, 0.6336079, 0.09561708
882.75, 0.6345559, 0.09389405
882.8, 0.6356619, 0.09201438
882.9, 0.6378738, 0.09358077
882.95, 0.6386638, 0.09483389
883, 0.6399277, 0.09452061
883.05, 0.6408758, 0.09389405
883.1, 0.6418237, 0.09467725
883.2, 0.6438776, 0.09185775
883.25, 0.6448256, 0.09577372
883.3, 0.6457736, 0.09467725
883.35, 0.6467216, 0.09561708
883.4, 0.6478276, 0.09342413
883.5, 0.6497235, 0.09483389
883.55, 0.6505135, 0.09342413
883.6, 0.6513034, 0.09561708
883.65, 0.6524094, 0.09358077
883.7, 0.6535154, 0.09483389
883.75, 0.6543054, 0.09452061
883.8, 0.6554114, 0.09577372
883.85, 0.6563593, 0.09514717
883.9, 0.6574653, 0.09608699
884, 0.6595193, 0.09734011
884.05, 0.6606252, 0.09827995
884.1, 0.6615732, 0.09624365
884.15, 0.6626792, 0.09671356
884.2, 0.6636271, 0.09577372
884.25, 0.6645751, 0.09843659
884.3, 0.6655231, 0.0968702
884.4, 0.667577, 0.09749676
884.5, 0.669315, 0.09984634
884.55, 0.6704209, 0.1012561
884.6, 0.6712109, 0.0968702
884.7, 0.6731068, 0.09968971
884.75, 0.6740549, 0.1004729
884.8, 0.6748449, 0.1025092
884.85, 0.6759508, 0.1023526
884.9, 0.6770567, 0.1025092
884.95, 0.6781627, 0.1031358
885, 0.6791106, 0.1050154
885.05, 0.6800587, 0.103449
885.15, 0.6819546, 0.1059553
885.2, 0.6832186, 0.1042322
885.25, 0.6841666, 0.1079916
885.3, 0.6852726, 0.1061119
885.35, 0.6862205, 0.105642
885.4, 0.6871685, 0.1070518
885.5, 0.6892224, 0.1048588
885.55, 0.6901703, 0.1072084
885.6, 0.6911184, 0.1081482
885.65, 0.6922244, 0.1064252
885.7, 0.6933303, 0.1067385
885.8, 0.6952263, 0.1084615
885.85, 0.6961742, 0.1068951
885.9, 0.6972802, 0.1079916
885.95, 0.6982282, 0.1090881
886, 0.6994922, 0.1094013
886.05, 0.7002821, 0.1097146
886.1, 0.70123, 0.1087748
886.15, 0.7021781, 0.1098713
886.2, 0.7032841, 0.1087748
886.3, 0.705496, 0.1117509
886.35, 0.706286, 0.1114376
886.4, 0.7073919, 0.1117509
886.45, 0.7081819, 0.1109677
886.5, 0.7089719, 0.1111244
886.55, 0.7102358, 0.1115943
886.65, 0.7121318, 0.1153536
886.7, 0.7132378, 0.1139439
886.75, 0.7141858, 0.1150403
886.8, 0.7151337, 0.1147271
886.85, 0.7160817, 0.1159802
886.9, 0.7171876, 0.1139439
887, 0.7190837, 0.1175466
887.05, 0.7201896, 0.1153536
887.1, 0.7209796, 0.1156669
887.15, 0.7220855, 0.1167634
887.2, 0.7228755, 0.11692
887.25, 0.7241395, 0.1180165
887.3, 0.7250875, 0.1192696
887.4, 0.7269834, 0.1189563
887.45, 0.7279314, 0.1209926
887.5, 0.7290373, 0.1198962
887.55, 0.7299854, 0.1203661
887.6, 0.7309333, 0.1236555
887.65, 0.7318813, 0.1217758
887.7, 0.7329872, 0.123029
887.8, 0.7348832, 0.1211493
887.85, 0.7359892, 0.1219325
887.9, 0.7369372, 0.122559
887.95, 0.7380431, 0.1234989
888, 0.739149, 0.1239688
888.05, 0.739939, 0.1228723
888.1, 0.741045, 0.1234989
888.15, 0.742151, 0.1245953
888.2, 0.742941, 0.1267883
888.3, 0.7451529, 0.1285113
888.35, 0.7461008, 0.1234989
888.4, 0.7468909, 0.1266317
888.45, 0.7478389, 0.1296078
888.5, 0.7487868, 0.1271016
888.6, 0.7506828, 0.1291379
888.65, 0.7516307, 0.1275715
888.7, 0.7527367, 0.1336804
888.75, 0.7536847, 0.1288246
888.8, 0.7547907, 0.1308609
888.85, 0.7558966, 0.1285113
888.9, 0.7566866, 0.1314875
889, 0.7587405, 0.1322707
889.05, 0.7598465, 0.1333671
889.1, 0.7607945, 0.1332105
889.15, 0.7619004, 0.1335238
889.2, 0.7628484, 0.1328972
889.25, 0.7637964, 0.1333671
889.35, 0.7658504, 0.1374398
889.4, 0.7669563, 0.1341504
889.45, 0.7679043, 0.1341504
889.5, 0.7688522, 0.1374398
889.55, 0.7699583, 0.1371265
889.6, 0.7709062, 0.1358734
889.65, 0.7718542, 0.1385362
889.7, 0.7729601, 0.13603
889.8, 0.7748562, 0.1371265
889.85, 0.7758041, 0.1369698
889.9, 0.7769101, 0.1391628
889.95, 0.777858, 0.1394761
890.05, 0.7800699, 0.1371265
890.1, 0.781018, 0.1402593
890.15, 0.7819659, 0.1374398
890.2, 0.7829139, 0.1393194
890.25, 0.7838619, 0.1402593
890.3, 0.7848098, 0.1404159
890.35, 0.7859158, 0.1421389
890.4, 0.7868638, 0.1418257
890.45, 0.7878118, 0.1418257
890.55, 0.7898657, 0.1440186
890.6, 0.7908136, 0.1443319
890.65, 0.7919196, 0.1437053
890.7, 0.7928676, 0.1427655
890.75, 0.7938156, 0.1421389
890.85, 0.7957115, 0.1429221
890.9, 0.7968175, 0.1454284
890.95, 0.7976075, 0.1435487
891, 0.7988715, 0.1476213
891.05, 0.7998194, 0.1444885
891.1, 0.8007674, 0.1451151
891.15, 0.8017154, 0.1462116
891.2, 0.8028213, 0.147778
891.3, 0.8048753, 0.1462116
891.35, 0.8058233, 0.147308
891.4, 0.8067712, 0.1482479
891.45, 0.8077192, 0.1474647
891.5, 0.8086672, 0.1480912
891.55, 0.8096152, 0.147308
891.6, 0.8107212, 0.1499709
891.65, 0.8116691, 0.1460549
891.75, 0.813565, 0.147778
891.8, 0.8148291, 0.1490311
891.85, 0.815777, 0.1520072
891.9, 0.816725, 0.1507541
891.95, 0.8178309, 0.1499709
892.05, 0.8195689, 0.1493444
892.1, 0.8208328, 0.1531037
892.15, 0.8217809, 0.1532603
892.2, 0.8228868, 0.1513807
892.25, 0.8238348, 0.1496576
892.35, 0.8257307, 0.1510674
892.4, 0.8266787, 0.1516939
892.45, 0.8277847, 0.1513807
892.5, 0.8287326, 0.1499709
892.55, 0.8301546, 0.1532603
892.6, 0.8314186, 0.1523205
892.65, 0.8328406, 0.1523205
892.7, 0.8341045, 0.1513807
892.75, 0.8348945, 0.1507541
892.85, 0.8371064, 0.1531037
892.9, 0.8380544, 0.1509108
892.95, 0.8391604, 0.1529471
893, 0.8402663, 0.1523205
893.05, 0.8412143, 0.1540435
893.1, 0.8423203, 0.1537303
893.2, 0.8442162, 0.1515373
893.25, 0.8451642, 0.1516939
893.3, 0.8462701, 0.1535736
893.35, 0.8472181, 0.1516939
893.4, 0.8481661, 0.1510674
893.45, 0.8491141, 0.151224
893.55, 0.851326, 0.1529471
893.6, 0.852274, 0.1524771
893.65, 0.853222, 0.1542002
893.7, 0.85417, 0.1505975
893.75, 0.8552759, 0.1537303
893.8, 0.8562239, 0.1540435
893.85, 0.8571718, 0.1515373
893.9, 0.8581198, 0.1499709
893.95, 0.8592258, 0.1529471
894.05, 0.8612798, 0.1516939
894.1, 0.8622277, 0.1529471
894.15, 0.8631757, 0.1510674
894.2, 0.8641236, 0.1520072
894.25, 0.8650717, 0.1535736
894.3, 0.8661776, 0.1526338
894.4, 0.8682315, 0.1516939
894.45, 0.8691795, 0.1532603
894.5, 0.8701275, 0.1532603
894.55, 0.8710755, 0.1540435
894.65, 0.8729714, 0.1521639
894.7, 0.8740774, 0.1559232
894.75, 0.8751833, 0.1540435
894.8, 0.8759734, 0.1529471
894.85, 0.8769214, 0.1542002
894.9, 0.8780273, 0.1523205
894.95, 0.8791333, 0.1529471
895, 0.8799232, 0.1509108
895.1, 0.8818192, 0.1516939
895.15, 0.8829252, 0.1535736
895.2, 0.8838732, 0.1538869
895.25, 0.8849791, 0.1513807
895.3, 0.8859271, 0.1532603
895.35, 0.886875, 0.1513807
895.4, 0.887823, 0.1516939
895.45, 0.888771, 0.1523205
895.55, 0.8908249, 0.1527904
895.6, 0.8919309, 0.1565498
895.65, 0.8928789, 0.1513807
895.7, 0.8939849, 0.1526338
895.8, 0.8958808, 0.1520072
895.85, 0.8969868, 0.1548267
895.9, 0.8980927, 0.1548267
895.95, 0.8988827, 0.1546701
896, 0.8999887, 0.1532603
896.05, 0.9010947, 0.1556099
896.1, 0.9018846, 0.1537303
896.15, 0.9029906, 0.1529471
896.2, 0.9039387, 0.1546701
896.25, 0.9050446, 0.1529471
896.35, 0.9070985, 0.1546701
896.4, 0.9080465, 0.1559232
896.45, 0.9089944, 0.1543568
896.5, 0.9101005, 0.1538869
896.6, 0.9118384, 0.1542002
896.65, 0.9127864, 0.1516939
896.7, 0.9137343, 0.1535736
896.75, 0.9146823, 0.1516939
896.8, 0.9157883, 0.1521639
896.85, 0.9167362, 0.1526338
896.9, 0.9178422, 0.1543568
896.95, 0.9187902, 0.1523205
897.05, 0.9208441, 0.1526338
897.1, 0.9219501, 0.156863
897.15, 0.9228981, 0.1513807
897.2, 0.9238461, 0.1535736
897.25, 0.924794, 0.1515373
897.3, 0.9259, 0.1543568
897.35, 0.926848, 0.1510674
897.4, 0.9277959, 0.1538869
897.5, 0.9298499, 0.1510674
897.55, 0.9307979, 0.1526338
897.6, 0.9319038, 0.1520072
897.65, 0.9328519, 0.1542002
897.75, 0.9347478, 0.1513807
897.8, 0.9356957, 0.1552967
897.85, 0.9368017, 0.1523205
897.9, 0.9377497, 0.153417
897.95, 0.9385397, 0.1542002
898, 0.9396456, 0.1560798
898.1, 0.9415416, 0.1556099
898.15, 0.9426475, 0.1520072
898.2, 0.9435955, 0.1531037
898.25, 0.9445435, 0.1535736
898.3, 0.9458075, 0.1540435
898.35, 0.9469134, 0.1543568
898.4, 0.9478614, 0.1538869
898.45, 0.9489674, 0.1543568
898.5, 0.9500734, 0.1543568
898.6, 0.9519693, 0.1554533
898.65, 0.9529173, 0.1526338
898.7, 0.9538652, 0.1537303
898.75, 0.9549713, 0.1529471
898.8, 0.9559192, 0.1531037
898.85, 0.9568672, 0.1524771
898.95, 0.9587631, 0.1552967
899, 0.9597111, 0.1532603
899.05, 0.9608171, 0.1554533
899.1, 0.961923, 0.1546701
899.15, 0.962713, 0.1516939
899.2, 0.963819, 0.1546701
899.3, 0.9655569, 0.1523205
899.35, 0.9665049, 0.1549834
899.4, 0.9677688, 0.1546701
899.45, 0.9685588, 0.1538869
899.5, 0.9695068, 0.1531037
899.55, 0.9704548, 0.1538869
899.6, 0.9715608, 0.1562365
899.65, 0.9725087, 0.1538869
899.7, 0.9736147, 0.1579595
899.8, 0.9755107, 0.1540435
899.85, 0.9764586, 0.1557666
899.9, 0.9775646, 0.1552967
899.95, 0.9785126, 0.1546701
900, 0.9794605, 0.1565498
900.1, 0.9815145, 0.1529471
900.15, 0.9824624, 0.1538869
900.2, 0.9834105, 0.1562365
900.25, 0.9845164, 0.1562365
900.3, 0.9854644, 0.1556099
900.35, 0.9864123, 0.1535736
900.4, 0.9873603, 0.1545134
900.45, 0.9884663, 0.1548267
900.55, 0.9903622, 0.1552967
900.6, 0.9914682, 0.1559232
900.65, 0.9922582, 0.1543568
900.7, 0.9930481, 0.1545134
900.75, 0.9941542, 0.156863
900.8, 0.9951021, 0.1538869
900.85, 0.9960501, 0.1554533
900.95, 0.997946, 0.1538869
901, 0.999052, 0.1552967
901.05, 1.000158, 0.1542002
901.1, 1.001106, 0.1556099
901.2, 1.00316, 0.1559232
901.25, 1.004108, 0.1540435
901.3, 1.005056, 0.1552967
901.35, 1.006162, 0.1543568
901.4, 1.00711, 0.153417
901.45, 1.008058, 0.1554533
901.5, 1.009164, 0.1554533
901.55, 1.010112, 0.1548267
901.6, 1.01106, 0.1537303
901.7, 1.012956, 0.1563931
901.75, 1.014062, 0.1562365
901.8, 1.01501, 0.1571763
901.85, 1.015957, 0.156863
901.9, 1.017063, 0.1578029
901.95, 1.018011, 0.156863
902, 1.019117, 0.1560798
902.1, 1.021171, 0.1565498
902.15, 1.022119, 0.1578029
902.2, 1.023067, 0.1565498
902.25, 1.024015, 0.1562365
902.3, 1.025121, 0.1573329
902.4, 1.027017, 0.1554533
902.45, 1.028123, 0.1570197
902.5, 1.029071, 0.1587427
902.55, 1.030177, 0.1585861
902.6, 1.031125, 0.1559232
902.65, 1.032073, 0.1582728
902.7, 1.032863, 0.1571763
902.75, 1.033969, 0.1565498
902.85, 1.035865, 0.1574896
902.9, 1.036971, 0.1552967
902.95, 1.037919, 0.1570197
903, 1.038867, 0.1571763
903.05, 1.039815, 0.156863
903.1, 1.040921, 0.1562365
903.15, 1.041869, 0.1578029
903.25, 1.044081, 0.1573329
903.3, 1.044871, 0.1574896
903.35, 1.045977, 0.1576462
903.4, 1.047083, 0.1571763
903.45, 1.048031, 0.1588994
903.5, 1.048979, 0.1570197
903.6, 1.051033, 0.1582728
903.65, 1.051823, 0.1578029
903.7, 1.053087, 0.1585861
903.8, 1.05514, 0.1579595
903.85, 1.056246, 0.1576462
903.9, 1.057036, 0.1578029
903.95, 1.058142, 0.1588994
904.05, 1.060038, 0.1604657
904.1, 1.060986, 0.1576462
904.15, 1.062092, 0.1579595
904.2, 1.063198, 0.1592126
904.3, 1.065252, 0.1579595
904.35, 1.0662, 0.1595259
904.4, 1.067148, 0.1595259
904.45, 1.068254, 0.1596825
904.5, 1.069202, 0.1573329
904.55, 1.07015, 0.1584294
904.65, 1.072204, 0.1599958
904.7, 1.073152, 0.1574896
904.75, 1.0741, 0.1603091
904.8, 1.075206, 0.1598392
904.85, 1.076154, 0.1603091
904.9, 1.077102, 0.1598392
904.95, 1.078208, 0.1599958
905, 1.079156, 0.1603091
905.05, 1.080262, 0.1610923
905.1, 1.08121, 0.1598392
905.2, 1.083264, 0.1614056
905.25, 1.084054, 0.159056
905.3, 1.08516, 0.1603091
905.35, 1.086107, 0.1593693
905.45, 1.088161, 0.1606224
905.5, 1.089267, 0.1599958
905.55, 1.090215, 0.1595259
905.6, 1.091163, 0.1599958
905.65, 1.092111, 0.1595259
905.7, 1.093059, 0.1596825
905.75, 1.094165, 0.1603091
905.8, 1.095113, 0.1620321
905.9, 1.097167, 0.1609357
905.95, 1.098115, 0.1604657
906, 1.099221, 0.1601525
906.05, 1.100169, 0.1592126
906.1, 1.101117, 0.1606224
906.15, 1.102065, 0.1587427
906.2, 1.102855, 0.1595259
906.25, 1.103961, 0.1603091
906.35, 1.105857, 0.1595259
906.4, 1.106805, 0.1615622
906.45, 1.107911, 0.1599958
906.5, 1.108701, 0.1598392
906.55, 1.109807, 0.1615622
906.6, 1.110913, 0.1609357
906.7, 1.112967, 0.1615622
906.75, 1.113757, 0.1603091
906.8, 1.114705, 0.1604657
906.85, 1.115811, 0.1609357
906.95, 1.117865, 0.1628153
907, 1.118813, 0.1615622
907.05, 1.119761, 0.1618755
907.15, 1.121815, 0.162972
907.2, 1.122763, 0.1634419
907.25, 1.123868, 0.1628153
907.3, 1.124817, 0.162502
907.35, 1.125765, 0.1618755
907.4, 1.126713, 0.164695
907.5, 1.128766, 0.1635985
907.55, 1.129872, 0.1642251
907.6, 1.13082, 0.1648516
907.65, 1.131768, 0.1632853
907.7, 1.132716, 0.1628153
907.8, 1.134612, 0.1621888
907.85, 1.135718, 0.1639118
907.9, 1.136666, 0.1651649
907.95, 1.137614, 0.1628153
908, 1.13872, 0.1651649
908.1, 1.140616, 0.1637552
908.15, 1.141722, 0.1648516
908.2, 1.142828, 0.1639118
908.25, 1.143776, 0.1635985
908.3, 1.14504, 0.1640684
908.35, 1.14583, 0.1643817
908.4, 1.147094, 0.1634419
908.45, 1.148358, 0.1645384
908.5, 1.14978, 0.1650083
908.6, 1.15215, 0.1639118
908.65, 1.153256, 0.1653215
908.7, 1.154046, 0.1645384
908.75, 1.154836, 0.1634419
908.8, 1.155942, 0.1672012
908.85, 1.15689, 0.1631286
908.9, 1.157996, 0.1653215
909, 1.16005, 0.1648516
909.05, 1.160998, 0.1665747
909.1, 1.161945, 0.1662614
909.15, 1.163051, 0.1657915
909.2, 1.163841, 0.1648516
909.25, 1.164947, 0.1662614
909.35, 1.166843, 0.1672012
909.4, 1.167949, 0.1667313
909.45, 1.169055, 0.1654782
909.5, 1.169845, 0.1665747
909.55, 1.170951, 0.166888
909.6, 1.171899, 0.1665747
909.65, 1.172847, 0.1659481
909.75, 1.175059, 0.1672012
909.8, 1.176007, 0.1672012
909.85, 1.176797, 0.1684543
909.9, 1.177903, 0.1675145
909.95, 1.178851, 0.1679844
910, 1.179799, 0.1678278
910.05, 1.180905, 0.1667313
910.15, 1.183117, 0.1689243
910.2, 1.184065, 0.1673579
910.25, 1.185013, 0.1692375
910.3, 1.185961, 0.1676711
910.4, 1.188015, 0.1681411
910.45, 1.189121, 0.1698641
910.5, 1.190069, 0.1681411
910.55, 1.191017, 0.1704907
910.6, 1.191965, 0.1681411
910.65, 1.193071, 0.1700207
910.7, 1.194019, 0.1695508
910.75, 1.194967, 0.1698641
910.85, 1.196863, 0.1719004
910.9, 1.197968, 0.1697075
910.95, 1.198917, 0.1692375
911, 1.199865, 0.1665747
911.05, 1.199865, 0.1603091
911.1, 1.198917, 0.156863
911.15, 1.197811, 0.1556099
911.25, 1.196073, 0.1501276
911.3, 1.194967, 0.1474647
911.35, 1.194019, 0.1462116
911.4, 1.193071, 0.1441753
911.45, 1.191965, 0.141669
911.5, 1.191017, 0.1404159
911.55, 1.190069, 0.1386929
911.6, 1.189121, 0.1397894
911.7, 1.187225, 0.1352468
911.75, 1.186119, 0.134307
911.8, 1.185171, 0.1332105
911.85, 1.184065, 0.1327406
911.9, 1.183117, 0.1291379
912, 1.181063, 0.1324273
912.05, 1.179957, 0.1294512
912.1, 1.179009, 0.1283547
912.15, 1.178061, 0.1272582
912.2, 1.176955, 0.1260051
912.25, 1.176007, 0.1275715
912.3, 1.175059, 0.1244387
912.35, 1.174111, 0.128668
912.45, 1.172057, 0.1239688
912.5, 1.171109, 0.1245953
912.55, 1.170003, 0.1236555
912.6, 1.169055, 0.1209926
912.65, 1.168107, 0.1231856
912.7, 1.167159, 0.1209926
912.75, 1.166053, 0.1236555
912.85, 1.164157, 0.1216192
912.9, 1.163209, 0.1195829
912.95, 1.162104, 0.1202094
913, 1.160998, 0.120836
913.05, 1.16005, 0.1192696
913.1, 1.159102, 0.1177032
913.15, 1.157996, 0.1189563
913.25, 1.1561, 0.11692
913.35, 1.154046, 0.1166067
913.4, 1.153098, 0.1164501
913.5, 1.150728, 0.1180165
913.55, 1.149464, 0.1136306
913.6, 1.1482, 0.1166067
913.65, 1.147094, 0.1150403
913.7, 1.14583, 0.1156669
913.75, 1.144882, 0.1142572
913.8, 1.143776, 0.1156669
913.85, 1.14267, 0.1142572
913.95, 1.140774, 0.1145704
914, 1.139668, 0.1136306
914.05, 1.13872, 0.1133173
914.1, 1.137614, 0.1137872
914.15, 1.136508, 0.1126908
914.2, 1.135718, 0.1139439
914.25, 1.134612, 0.1133173
914.35, 1.132716, 0.1125341
914.4, 1.131768, 0.1122209
914.45, 1.130662, 0.113474
914.5, 1.129714, 0.113004
914.55, 1.128766, 0.1114376
914.6, 1.127818, 0.1123775
914.7, 1.125765, 0.111281
914.75, 1.124817, 0.1120642
914.8, 1.123868, 0.1126908
914.85, 1.122763, 0.1100279
914.9, 1.121657, 0.1097146
914.95, 1.120709, 0.1115943
915, 1.119761, 0.1104978
915.05, 1.118813, 0.1109677
915.1, 1.118023, 0.1114376
915.2, 1.115811, 0.1098713
915.25, 1.114863, 0.1106544
915.3, 1.113757, 0.1120642
915.35, 1.112809, 0.111281
915.4, 1.111861, 0.1114376
915.45, 1.110913, 0.109558
915.55, 1.108859, 0.1089314
915.6, 1.107753, 0.1115943
915.65, 1.106805, 0.1097146
915.7, 1.105857, 0.1090881
915.75, 1.104909, 0.1079916
915.8, 1.103803, 0.1087748
915.9, 1.101749, 0.1098713
915.95, 1.100801, 0.1097146
916, 1.099695, 0.1076783
916.05, 1.098747, 0.1067385
916.1, 1.097799, 0.107835
916.15, 1.096851, 0.1064252
916.2, 1.095903, 0.107835
916.25, 1.094797, 0.1067385
916.35, 1.092901, 0.1067385
916.4, 1.092111, 0.1083049
916.45, 1.091163, 0.1051721
916.5, 1.090057, 0.1079916
916.55, 1.088952, 0.1061119
916.6, 1.088004, 0.105642
916.7, 1.086107, 0.1053287
916.75, 1.08516, 0.1057986
916.8, 1.084054, 0.1064252
916.85, 1.083106, 0.1050154
916.9, 1.082, 0.1064252
917, 1.080104, 0.1051721
917.05, 1.079156, 0.1054853
917.1, 1.07805, 0.103449
917.15, 1.077102, 0.1020393
917.2, 1.076154, 0.1040756
917.25, 1.075048, 0.1037623
917.3, 1.0741, 0.1043889
917.4, 1.072046, 0.103449
917.45, 1.071098, 0.1047022
917.5, 1.07015, 0.1040756
917.55, 1.069202, 0.1028225
917.6, 1.068096, 0.1031358
917.65, 1.067148, 0.1032924
917.7, 1.066042, 0.1026659
917.75, 1.065094, 0.1042322
917.85, 1.063198, 0.1023526
917.9, 1.062092, 0.1029791
917.95, 1.061144, 0.1036057
918, 1.060038, 0.1021959
918.1, 1.057984, 0.1021959
918.15, 1.056878, 0.1053287
918.2, 1.05593, 0.1025092
918.25, 1.054824, 0.1023526
918.3, 1.054034, 0.101726
918.35, 1.052929, 0.1025092
918.4, 1.05198, 0.1020393
918.45, 1.051033, 0.1018827
918.55, 1.049137, 0.101726
918.6, 1.048031, 0.1012561
918.65, 1.047083, 0.1025092
918.7, 1.046293, 0.1010995
918.75, 1.045187, 0.1003163
918.8, 1.044081, 0.1014127
918.9, 1.042185, 0.1001596
918.95, 1.041079, 0.1023526
919, 1.040131, 0.1007862
919.05, 1.039025, 0.09906314
919.1, 1.037919, 0.1001596
919.15, 1.036971, 0.1014127
919.2, 1.036181, 0.09812331
919.25, 1.035075, 0.1007862
919.35, 1.033021, 0.09984634
919.4, 1.032073, 0.09906314
919.45, 1.031125, 0.1001596
919.5, 1.030177, 0.09968971
919.55, 1.029071, 0.09953307
919.6, 1.028123, 0.1009428
919.65, 1.027175, 0.09827995
919.7, 1.026227, 0.09937642
919.8, 1.024015, 0.09906314
919.9, 1.022277, 0.09874986
919.95, 1.021171, 0.09890651
920, 1.020065, 0.09812331
920.05, 1.018959, 0.09671356
920.15, 1.017063, 0.09843659
920.2, 1.015957, 0.09921978
920.25, 1.01501, 0.0968702
920.3, 1.014062, 0.09749676
920.4, 1.012166, 0.09734011
920.45, 1.011218, 0.09843659
920.5, 1.010112, 0.09655692
920.55, 1.009164, 0.09718347
920.6, 1.008216, 0.09640028
920.65, 1.007426, 0.09702684
920.7, 1.006162, 0.09436397
920.75, 1.005214, 0.09640028
920.85, 1.003318, 0.09499053
920.9, 1.002212, 0.09718347
920.95, 1.001264, 0.09640028
921, 1.000316, 0.09546044
921.05, 0.999368, 0.09624365
921.1, 0.99842, 0.09467725
921.2, 0.9962081, 0.09342413
921.25, 0.9954181, 0.0953038
921.3, 0.9944702, 0.09483389
921.35, 0.9933642, 0.09452061
921.4, 0.9924162, 0.0932675
921.45, 0.9914682, 0.09342413
921.5, 0.9905202, 0.09295422
921.55, 0.9895723, 0.09546044
921.65, 0.9875183, 0.09311084
921.7, 0.9864123, 0.09201438
921.75, 0.9854644, 0.09342413
921.8, 0.9843584, 0.09420733
921.85, 0.9834105, 0.09185775
921.9, 0.9823045, 0.09060463
921.95, 0.9813565, 0.09201438
922, 0.9804085, 0.09060463
922.1, 0.9781966, 0.09279758
922.15, 0.9774066, 0.09091791
922.2, 0.9763006, 0.09091791
922.25, 0.9753526, 0.09217101
922.35, 0.9734567, 0.08950816
922.4, 0.9721928, 0.09060463
922.45, 0.9714027, 0.09123117
922.5, 0.9704548, 0.09013471
922.55, 0.9695068, 0.09091791
922.6, 0.9685588, 0.08919487
922.65, 0.9674529, 0.0888816
922.7, 0.9665049, 0.08762848
922.8, 0.964451, 0.08747184
922.85, 0.963345, 0.08825504
922.9, 0.962239, 0.08872496
922.95, 0.961449, 0.08935151
923, 0.9605011, 0.08684529
923.05, 0.9593951, 0.0873152
923.1, 0.9584471, 0.08778512
923.2, 0.9562352, 0.08621872
923.25, 0.9552872, 0.08700192
923.3, 0.9544973, 0.08684529
923.35, 0.9532332, 0.08684529
923.4, 0.9524432, 0.08794177
923.45, 0.9514953, 0.08668865
923.55, 0.9495994, 0.08747184
923.6, 0.9484934, 0.086532
923.65, 0.9475454, 0.08559217
923.7, 0.9465975, 0.08559217
923.8, 0.9445435, 0.086532
923.85, 0.9437535, 0.08527889
923.95, 0.9415416, 0.08480898
924, 0.9405936, 0.08308594
924.05, 0.9394876, 0.08465233
924.1, 0.9383817, 0.0837125
924.15, 0.9375917, 0.08496562
924.2, 0.9366437, 0.08292931
924.25, 0.9355378, 0.08433905
924.35, 0.9336418, 0.08402578
924.4, 0.9325358, 0.08402578
924.45, 0.9317458, 0.08386914
924.5, 0.9307979, 0.08402578
924.55, 0.9296919, 0.08324257
924.65, 0.927638, 0.08198947
924.7, 0.926532, 0.08308594
924.75, 0.925584, 0.0813629
924.8, 0.924636, 0.08214611
924.85, 0.92353, 0.08057971
924.9, 0.9225821, 0.08198947
924.95, 0.9217921, 0.08167619
925, 0.9206861, 0.08198947
925.1, 0.9187902, 0.08292931
925.15, 0.9180002, 0.07995315
925.2, 0.9168943, 0.08057971
925.3, 0.9148403, 0.08167619
925.35, 0.9138923, 0.08057971
925.45, 0.9118384, 0.07870004
925.5, 0.9108904, 0.07963987
925.55, 0.9097844, 0.07870004
925.6, 0.9088364, 0.0793266
925.65, 0.9078885, 0.0793266
925.7, 0.9069405, 0.07760356
925.75, 0.9061505, 0.07963987
925.85, 0.9040966, 0.07791685
925.9, 0.9029906, 0.07838677
926, 0.9010947, 0.07838677
926.05, 0.9001467, 0.07541062
926.1, 0.8990408, 0.07666373
926.15, 0.8980927, 0.07572389
926.25, 0.8958808, 0.07541062
926.3, 0.8949329, 0.07368759
926.35, 0.8938269, 0.07556726
926.4, 0.8928789, 0.07635045
926.45, 0.8919309, 0.07478406
926.5, 0.8908249, 0.07447078
926.6, 0.888929, 0.07462742
926.65, 0.887823, 0.07525398
926.7, 0.886875, 0.07603717
926.75, 0.8859271, 0.07431415
926.8, 0.8851371, 0.07509734
926.85, 0.8840311, 0.0749407
926.9, 0.8829252, 0.07400087
926.95, 0.8821352, 0.07431415
927.05, 0.8800812, 0.07353094
927.1, 0.8789753, 0.07086808
927.15, 0.8778693, 0.07274775
927.2, 0.8770794, 0.07337431
927.25, 0.8761314, 0.07149464
927.3, 0.8751833, 0.07165127
927.35, 0.8740774, 0.07024152
927.45, 0.8721815, 0.07274775
927.5, 0.8712335, 0.07180792
927.55, 0.8701275, 0.07165127
927.6, 0.8691795, 0.0705548
927.7, 0.8671256, 0.07008488
927.8, 0.8652297, 0.06804857
927.85, 0.8641236, 0.06773529
927.9, 0.8631757, 0.06914505
927.95, 0.8620697, 0.06836185
928, 0.8611218, 0.06742202
928.05, 0.8601738, 0.07102472
928.15, 0.8581198, 0.06820521
928.2, 0.8570139, 0.06836185
928.25, 0.8559079, 0.06710874
928.3, 0.8551179, 0.06930169
928.35, 0.85417, 0.07039816
928.4, 0.853222, 0.06836185
928.45, 0.852116, 0.06804857
928.5, 0.851326, 0.0705548
928.6, 0.8491141, 0.0661689
928.65, 0.8481661, 0.06804857
928.7, 0.8472181, 0.06569898
928.75, 0.8461121, 0.06773529
928.8, 0.8451642, 0.0653857
928.9, 0.8431103, 0.06444587
928.95, 0.8421623, 0.0661689
929, 0.8412143, 0.0661689
929.05, 0.8401083, 0.06507242
929.1, 0.8391604, 0.06522907
929.15, 0.8380544, 0.06491579
929.2, 0.8371064, 0.0653857
929.3, 0.8350524, 0.06475915
929.35, 0.8341045, 0.06428923
929.45, 0.8312606, 0.0653857
929.5, 0.8298386, 0.06444587
929.55, 0.8287326, 0.0661689
929.6, 0.8277847, 0.06444587
929.65, 0.8266787, 0.06460251
929.7, 0.8258888, 0.0653857
929.8, 0.8238348, 0.06413259
929.85, 0.8227288, 0.06569898
929.9, 0.8217809, 0.06366267
929.95, 0.8206749, 0.06444587
930.05, 0.8187789, 0.06569898
930.1, 0.8176729, 0.06225292
930.15, 0.8165669, 0.06444587
930.2, 0.815619, 0.06303611
930.25, 0.814671, 0.06710874
930.3, 0.813565, 0.06444587
930.35, 0.8127751, 0.06413259
930.45, 0.8105631, 0.06350603
930.5, 0.8096152, 0.06240956
930.55, 0.8085092, 0.06350603
930.6, 0.8075612, 0.06272284
930.65, 0.8066132, 0.06350603
930.7, 0.8058233, 0.06381931
930.75, 0.8047173, 0.06397595
930.8, 0.8036113, 0.06272284
930.9, 0.8015574, 0.0633494
930.95, 0.8007674, 0.06507242
931, 0.7998194, 0.06397595
931.05, 0.7988715, 0.06507242
931.1, 0.7977655, 0.06397595
931.15, 0.7968175, 0.06460251
931.2, 0.7958695, 0.06240956
931.3, 0.7938156, 0.06209628
931.35, 0.7927096, 0.061783
931.4, 0.7916036, 0.06303611
931.45, 0.7908136, 0.06444587
931.5, 0.7897077, 0.06162636
931.6, 0.7878118, 0.06350603
931.65, 0.7868638, 0.06272284
931.7, 0.7857578, 0.06209628
931.75, 0.7848098, 0.06444587
931.8, 0.7838619, 0.06240956
931.85, 0.7829139, 0.06350603
931.9, 0.7818079, 0.06287947
931.95, 0.781018, 0.06413259
932, 0.7799119, 0.06240956
932.1, 0.777858, 0.06350603
932.15, 0.7769101, 0.06319275
932.2, 0.7759621, 0.06240956
932.25, 0.7748562, 0.06475915
932.3, 0.7737501, 0.06350603
932.4, 0.7718542, 0.06522907
932.45, 0.7707482, 0.06146972
932.5, 0.7698002, 0.06413259
932.55, 0.7688522, 0.0633494
932.6, 0.7679043, 0.06350603
932.7, 0.7658504, 0.06303611
932.75, 0.7649024, 0.06460251
932.8, 0.7639544, 0.06240956
932.85, 0.7630064, 0.06648218
932.9, 0.7620584, 0.06303611
932.95, 0.7609525, 0.06601226
933, 0.7600045, 0.06507242
933.05, 0.7588986, 0.06475915
933.1, 0.7579505, 0.06350603
933.15, 0.7570026, 0.06507242
933.25, 0.7549486, 0.06475915
933.3, 0.7538427, 0.06272284
933.35, 0.7528947, 0.06507242
933.4, 0.7517887, 0.06350603
933.5, 0.7498928, 0.0661689
933.55, 0.7489448, 0.06475915
933.6, 0.7481548, 0.06428923
933.65, 0.7472069, 0.06397595
933.7, 0.7461008, 0.06710874
933.75, 0.7451529, 0.0653857
933.8, 0.7440469, 0.06366267
933.9, 0.742151, 0.06663882
933.95, 0.740887, 0.06319275
934, 0.739939, 0.0661689
934.05, 0.7389911, 0.06115644
934.1, 0.7380431, 0.06193964
934.15, 0.7369372, 0.06240956
934.2, 0.7359892, 0.061783
934.3, 0.7339352, 0.06146972
934.35, 0.7329872, 0.06381931
934.4, 0.7320393, 0.06303611
934.45, 0.7310913, 0.06193964
934.5, 0.7301434, 0.06366267
934.55, 0.7290373, 0.06460251
934.6, 0.7279314, 0.06648218
934.65, 0.7271414, 0.06554235
934.75, 0.7252455, 0.06601226
934.8, 0.7241395, 0.06507242
934.85, 0.7233495, 0.06679546
934.9, 0.7222435, 0.06569898
934.95, 0.7212955, 0.0661689
935, 0.7203476, 0.06898841
935.05, 0.7195576, 0.06695209
935.15, 0.7175037, 0.06804857
935.2, 0.7163977, 0.06836185
935.25, 0.7152917, 0.06663882
935.3, 0.7143438, 0.06804857
935.35, 0.7132378, 0.06742202
935.45, 0.7111838, 0.06695209
935.5, 0.7102358, 0.06836185
935.55, 0.7091299, 0.06679546
935.6, 0.7083399, 0.06883177
935.65, 0.7072339, 0.06742202
935.7, 0.706444, 0.06945832
935.75, 0.705496, 0.06914505
935.8, 0.70439, 0.07008488
935.9, 0.7021781, 0.06804857
935.95, 0.70123, 0.0705548
936, 0.7002821, 0.06961497
936.05, 0.6993341, 0.07102472
936.1, 0.6982282, 0.06820521
936.15, 0.6972802, 0.06773529
936.2, 0.6961742, 0.06961497
936.25, 0.6952263, 0.07118136
936.35, 0.6931723, 0.07165127
936.4, 0.6922244, 0.07024152
936.45, 0.6912764, 0.07290439
936.5, 0.6903284, 0.06961497
936.55, 0.6892224, 0.071338
936.6, 0.6882744, 0.06961497
936.7, 0.6862205, 0.07165127
936.75, 0.6852726, 0.07196455
936.8, 0.6844825, 0.07086808
936.85, 0.6833766, 0.07196455
936.95, 0.6813226, 0.07102472
937, 0.6803747, 0.07306103
937.05, 0.6792687, 0.07353094
937.1, 0.6783207, 0.07102472
937.15, 0.6775308, 0.07290439
937.2, 0.6764248, 0.06992824
937.25, 0.6753188, 0.07274775
937.3, 0.6745288, 0.06961497
937.35, 0.6732649, 0.07243447
937.4, 0.6724749, 0.07102472
937.5, 0.6702629, 0.07102472
937.55, 0.669315, 0.07243447
937.6, 0.668367, 0.07306103
937.65, 0.667261, 0.07180792
937.7, 0.6664711, 0.07337431
937.8, 0.6645751, 0.07666373
937.85, 0.6636271, 0.07243447
937.9, 0.6625211, 0.07431415
937.95, 0.6615732, 0.07368759
938, 0.6606252, 0.07635045
938.05, 0.6596772, 0.07243447
938.15, 0.6574653, 0.0741575
938.2, 0.6565173, 0.07274775
938.25, 0.6555693, 0.07353094
938.3, 0.6546214, 0.07306103
938.35, 0.6535154, 0.07353094
938.4, 0.6525674, 0.0749407
938.45, 0.6516195, 0.07447078
938.5, 0.6506715, 0.07337431
938.6, 0.6484596, 0.071338
938.65, 0.6475116, 0.07509734
938.7, 0.6464056, 0.07306103
938.75, 0.6456156, 0.07384422
938.8, 0.6445096, 0.07447078
938.9, 0.6426137, 0.07384422
938.95, 0.6415077, 0.07697701
939, 0.6405598, 0.07462742
939.05, 0.6394538, 0.07337431
939.1, 0.6385058, 0.07478406
939.15, 0.6375578, 0.07760356
939.2, 0.6366099, 0.0749407
939.25, 0.6355039, 0.07572389
939.35, 0.6334499, 0.07729029
939.45, 0.631712, 0.07791685
939.5, 0.6306061, 0.07525398
939.55, 0.629658, 0.07682038
939.6, 0.62871, 0.07603717
939.65, 0.6277621, 0.07697701
939.7, 0.6264981, 0.07619382
939.8, 0.6242862, 0.07729029
939.85, 0.6234962, 0.0793266
939.9, 0.6225482, 0.07870004
939.95, 0.6216003, 0.0793266
940, 0.6204943, 0.07823012
940.05, 0.6195464, 0.08151954
940.15, 0.6176503, 0.07823012
940.2, 0.6163864, 0.07901332
940.25, 0.6154384, 0.0793266
940.3, 0.6143325, 0.07870004
940.35, 0.6135425, 0.08230274
940.4, 0.6125945, 0.07838677
940.5, 0.6105406, 0.0793266
940.55, 0.6095926, 0.08198947
940.6, 0.6086446, 0.07823012
940.65, 0.6076967, 0.08277266
940.7, 0.6065907, 0.08120627
940.75, 0.6056427, 0.08042307
940.8, 0.6048527, 0.08214611
940.9, 0.6026408, 0.08261602
940.95, 0.6016929, 0.08214611
941, 0.6007448, 0.08230274
941.05, 0.5997968, 0.08339922
941.1, 0.5988489, 0.08386914
941.15, 0.5979009, 0.08277266
941.25, 0.595689, 0.08559217
941.3, 0.594741, 0.08559217
941.35, 0.593793, 0.08527889
941.4, 0.592845, 0.08449569
941.45, 0.5918971, 0.08355586
941.5, 0.5906332, 0.08621872
941.6, 0.5885791, 0.08543553
941.65, 0.5876312, 0.08590545
941.7, 0.5866832, 0.08527889
941.75, 0.5855772, 0.08621872
941.8, 0.5846293, 0.08449569
941.85, 0.5838392, 0.08480898
941.9, 0.5828913, 0.08825504
941.95, 0.5817853, 0.0873152
942.05, 0.5798894, 0.08794177
942.1, 0.5789415, 0.08606208
942.15, 0.5778354, 0.08841167
942.2, 0.5768875, 0.086532
942.25, 0.5757815, 0.08606208
942.3, 0.5746756, 0.08762848
942.35, 0.5735696, 0.08950816
942.45, 0.5716736, 0.08778512
942.5, 0.5707256, 0.08794177
942.55, 0.5696197, 0.0873152
942.6, 0.5686717, 0.08684529
942.65, 0.5678818, 0.0888816
942.7, 0.5669338, 0.086532
942.8, 0.5648798, 0.08997807
942.85, 0.5639318, 0.08621872
942.9, 0.5628259, 0.08778512
942.95, 0.5618779, 0.086532
943, 0.5609299, 0.0873152
943.05, 0.5599819, 0.08715856
943.1, 0.558876, 0.08715856
943.2, 0.5568221, 0.08919487
943.25, 0.555874, 0.08966479
943.3, 0.554926, 0.09029134
943.35, 0.5539781, 0.08872496
943.4, 0.5530301, 0.08982144
943.45, 0.5519242, 0.08935151
943.5, 0.5508182, 0.09091791
943.6, 0.5489222, 0.09029134
943.65, 0.5479743, 0.08903823
943.7, 0.5471843, 0.09013471
943.75, 0.5459203, 0.09123117
943.85, 0.5440243, 0.08919487
943.9, 0.5432344, 0.09154446
943.95, 0.5421284, 0.08856832
944, 0.5410224, 0.08919487
944.05, 0.5402325, 0.09076127
944.1, 0.5391265, 0.0888816
944.15, 0.5381785, 0.08966479
944.2, 0.5372306, 0.08982144
944.25, 0.5361246, 0.08935151
944.35, 0.5342286, 0.09013471
944.4, 0.5332807, 0.08856832
944.45, 0.5321747, 0.08919487
944.5, 0.5310687, 0.08794177
944.55, 0.5299627, 0.09123117
944.6, 0.5290148, 0.08950816
944.7, 0.5272768, 0.08809839
944.75, 0.5260128, 0.09013471
944.8, 0.5252228, 0.09107454
944.85, 0.5242749, 0.09060463
944.9, 0.5231689, 0.09013471
944.95, 0.522221, 0.08935151
945, 0.521273, 0.09013471
945.1, 0.519219, 0.08997807
945.15, 0.5179551, 0.09060463
945.2, 0.5166911, 0.09201438
945.25, 0.5152691, 0.09217101
945.3, 0.5138472, 0.08935151
945.35, 0.5127412, 0.09201438
945.4, 0.5116352, 0.08856832
945.45, 0.5106873, 0.09029134
945.55, 0.5086333, 0.09076127
945.6, 0.5076854, 0.08762848
945.65, 0.5065793, 0.08966479
945.7, 0.5056314, 0.08841167
945.75, 0.5046834, 0.08872496
945.8, 0.5035775, 0.08997807
945.9, 0.5016815, 0.08841167
945.95, 0.5007336, 0.0888816
946, 0.4996276, 0.08903823
946.05, 0.4986796, 0.08856832
946.1, 0.4978896, 0.08997807
946.15, 0.4967837, 0.08903823
946.2, 0.4958357, 0.0888816
946.25, 0.4948877, 0.08684529
946.35, 0.4926758, 0.08825504
946.4, 0.4917278, 0.08950816
946.45, 0.4907798, 0.0888816
946.5, 0.4898318, 0.09013471
946.6, 0.4879359, 0.08825504
946.65, 0.4868299, 0.08982144
946.7, 0.485882, 0.08856832
946.8, 0.483986, 0.08903823
946.85, 0.48288, 0.08809839
946.9, 0.4819321, 0.0888816
946.95, 0.4808261, 0.08997807
947.05, 0.4789301, 0.08903823
947.1, 0.4779822, 0.08762848
947.15, 0.4770342, 0.08794177
947.2, 0.4759282, 0.09013471
947.25, 0.4748223, 0.0888816
947.3, 0.4738743, 0.08825504
947.35, 0.4729263, 0.09060463
947.45, 0.4708724, 0.08794177
947.5, 0.4699244, 0.0888816
947.6, 0.4680285, 0.08825504
947.65, 0.4669225, 0.09029134
947.7, 0.4658165, 0.08747184
947.8, 0.4639205, 0.08982144
947.85, 0.4629726, 0.08919487
947.95, 0.4609186, 0.0888816
948, 0.4598127, 0.08825504
948.05, 0.4590227, 0.08856832
948.1, 0.4579167, 0.0873152
948.2, 0.4560207, 0.08825504
948.25, 0.4549148, 0.08590545
948.3, 0.4539668, 0.08809839
948.35, 0.4530188, 0.08982144
948.4, 0.4519129, 0.08935151
948.45, 0.4509649, 0.09013471
948.55, 0.448911, 0.08950816
948.6, 0.447963, 0.08762848
948.65, 0.447015, 0.08856832
948.7, 0.4459091, 0.0873152
948.75, 0.4448031, 0.08997807
948.8, 0.4438551, 0.08856832
948.85, 0.4430651, 0.08919487
948.9, 0.4419591, 0.08762848
949, 0.4402212, 0.08637536
949.05, 0.4391152, 0.0888816
949.1, 0.4380093, 0.086532
949.15, 0.4370613, 0.08715856
949.2, 0.4359553, 0.08825504
949.3, 0.4339013, 0.08684529
949.35, 0.4327954, 0.08778512
949.4, 0.4318474, 0.08950816
949.45, 0.4310574, 0.08841167
949.5, 0.4299515, 0.08762848
949.55, 0.4290035, 0.08715856
949.6, 0.4278975, 0.08794177
949.65, 0.4271075, 0.08919487
949.75, 0.4250536, 0.0873152
949.8, 0.4239476, 0.08935151
949.85, 0.4231577, 0.08809839
949.9, 0.4220517, 0.08762848
949.95, 0.4212617, 0.08856832
950, 0.4203137, 0.08715856
950.05, 0.4192078, 0.08872496
950.15, 0.4171538, 0.08606208
950.2, 0.4163638, 0.08762848
950.25, 0.4152579, 0.08794177
950.3, 0.4143099, 0.08872496
950.4, 0.412256, 0.08762848
950.45, 0.411308, 0.086532
950.5, 0.410044, 0.08606208
950.55, 0.409254, 0.086532
950.6, 0.4081481, 0.08700192
950.65, 0.4070421, 0.08684529
950.7, 0.4060941, 0.086532
950.75, 0.4049881, 0.08762848
950.8, 0.4040402, 0.08559217
950.9, 0.4023022, 0.08778512
950.95, 0.4013543, 0.08700192
951, 0.4002483, 0.08637536
951.05, 0.3994583, 0.08684529
951.1, 0.3983523, 0.086532
951.15, 0.3975624, 0.0873152
951.25, 0.3953504, 0.08825504
951.3, 0.3945604, 0.0873152
951.35, 0.3932965, 0.08700192
951.4, 0.3923485, 0.086532
951.45, 0.3912425, 0.08715856
951.55, 0.3891886, 0.08496562
951.6, 0.3882406, 0.08778512
951.65, 0.3872926, 0.0873152
951.7, 0.3861867, 0.08590545
951.75, 0.3852387, 0.08700192
951.8, 0.3842907, 0.08856832
951.85, 0.3833427, 0.08621872
951.9, 0.3823948, 0.08684529
951.95, 0.3814468, 0.08480898
952.05, 0.3795508, 0.086532
952.1, 0.3786029, 0.08621872
952.15, 0.3776549, 0.08465233
952.2, 0.3767069, 0.086532
952.25, 0.3757589, 0.08559217
952.35, 0.373547, 0.08449569
952.4, 0.372283, 0.08543553
952.45, 0.371493, 0.08402578
952.5, 0.3703871, 0.086532
952.55, 0.3695971, 0.08449569
952.6, 0.3686491, 0.08496562
952.7, 0.3665952, 0.08480898
952.75, 0.3656472, 0.08527889
952.8, 0.3646992, 0.08559217
952.85, 0.3635933, 0.08324257
952.9, 0.3626453, 0.0837125
952.95, 0.3616973, 0.08292931
953, 0.3607493, 0.08449569
953.05, 0.3598014, 0.08465233
953.1, 0.3586954, 0.08496562
953.2, 0.3564835, 0.08324257
953.25, 0.3553775, 0.08465233
953.35, 0.3533235, 0.08433905
953.4, 0.3523756, 0.08496562
953.45, 0.3514276, 0.08715856
953.5, 0.3504796, 0.08308594
953.6, 0.3485837, 0.08324257
953.65, 0.3474777, 0.08151954
953.7, 0.3463717, 0.08386914
953.75, 0.3455818, 0.08433905
953.8, 0.3446338, 0.08386914
953.9, 0.3425798, 0.08198947
953.95, 0.3416319, 0.08292931
954, 0.3406839, 0.08198947
954.05, 0.3397359, 0.08324257
954.1, 0.33863, 0.0813629
954.15, 0.337682, 0.08339922
954.2, 0.336734, 0.08104963
954.25, 0.335786, 0.08308594
954.3, 0.3348381, 0.08167619
954.4, 0.3326261, 0.08057971
954.45, 0.3316782, 0.08151954
954.5, 0.3307302, 0.08104963
954.65, 0.3275703, 0.08120627
954.7, 0.3266223, 0.07995315
954.75, 0.3255163, 0.08120627
954.8, 0.3245684, 0.08261602
954.85, 0.3237784, 0.08042307
954.9, 0.3226724, 0.07916996
954.95, 0.3217244, 0.08214611
955.05, 0.3198285, 0.08057971
955.1, 0.3187225, 0.07963987
955.15, 0.3177745, 0.07901332
955.2, 0.3168266, 0.07963987
955.25, 0.3160366, 0.08057971
955.3, 0.3149306, 0.08089299
955.35, 0.3139826, 0.07838677
955.45, 0.3119287, 0.08073635
955.5, 0.3109807, 0.07666373
955.55, 0.3097167, 0.0785434
955.6, 0.3087688, 0.07916996
955.65, 0.3076628, 0.07885668
955.7, 0.3068728, 0.07823012
955.75, 0.3057669, 0.07525398
955.8, 0.3046609, 0.0793266
955.9, 0.3029229, 0.07666373
955.95, 0.3018169, 0.07729029
956, 0.300711, 0.07963987
956.05, 0.299763, 0.07729029
956.15, 0.2977091, 0.07666373
956.2, 0.2966031, 0.0785434
956.25, 0.2956551, 0.07697701
956.3, 0.2947071, 0.07838677
956.35, 0.2937592, 0.07744693
956.4, 0.2926532, 0.07682038
956.45, 0.2915472, 0.07572389
956.5, 0.2905993, 0.07901332
956.6, 0.2887033, 0.07744693
956.65, 0.2875973, 0.07541062
956.7, 0.2866494, 0.07478406
956.8, 0.2845954, 0.07447078
956.85, 0.2838055, 0.07744693
956.95, 0.2817515, 0.07963987
957, 0.2809615, 0.07306103
957.05, 0.2798555, 0.0749407
957.1, 0.2789076, 0.07227783
957.15, 0.2778016, 0.07400087
957.2, 0.2768536, 0.07337431
957.25, 0.2757477, 0.07368759
957.3, 0.2749577, 0.07149464
957.35, 0.2740097, 0.07353094
957.45, 0.2717977, 0.07071144
957.5, 0.2706918, 0.07149464
957.55, 0.2697438, 0.07525398
957.6, 0.2687958, 0.06945832
957.65, 0.2676899, 0.0705548
957.75, 0.2656359, 0.0697716
957.8, 0.264688, 0.07180792
957.85, 0.26374, 0.07039816
957.9, 0.262792, 0.07008488
957.95, 0.261844, 0.07071144
958, 0.2607381, 0.06930169
958.1, 0.2588421, 0.06757865
958.15, 0.2577361, 0.07180792
958.2, 0.2567882, 0.06742202
958.25, 0.2559982, 0.0705548
958.3, 0.2548922, 0.06914505
958.35, 0.2539442, 0.06820521
958.4, 0.2528383, 0.06789193
958.45, 0.2518903, 0.06914505
958.5, 0.2509423, 0.06491579
958.6, 0.2488884, 0.06867513
958.65, 0.2479404, 0.06710874
958.7, 0.2469924, 0.06381931
958.75, 0.2458865, 0.0653857
958.8, 0.2449385, 0.06303611
958.85, 0.2438325, 0.06867513
958.9, 0.2428845, 0.06303611
959, 0.2409886, 0.06428923
959.05, 0.239208, 0.06585562
959.1, 0.2384977, 0.06585562
959.15, 0.2376137, 0.06319275
959.2, 0.2365403, 0.061783
959.25, 0.2356248, 0.06507242
959.35, 0.2336201, 0.06240956
959.4, 0.2326888, 0.0653857
959.45, 0.2316312, 0.05677054
959.5, 0.2305578, 0.06381931
959.55, 0.2295633, 0.05833694
959.6, 0.2286004, 0.06475915
959.7, 0.2266273, 0.06554235
959.75, 0.2256013, 0.05880686
959.8, 0.224591, 0.05990333
959.85, 0.2236123, 0.0589635
959.9, 0.2226021, 0.06554235
959.95, 0.2216865, 0.05974669
960, 0.2206763, 0.05990333
960.05, 0.2197134, 0.05943341
960.15, 0.2177402, 0.05990333
960.2, 0.2166511, 0.0566139
960.25, 0.2155935, 0.05708382
960.3, 0.2146464, 0.05990333
960.35, 0.2136045, 0.05332448
960.4, 0.2125785, 0.06052989
960.5, 0.2106054, 0.05677054
960.55, 0.209453, 0.05254128
960.6, 0.2085217, 0.05849357
960.65, 0.2075588, 0.06303611
960.7, 0.2064539, 0.05395104
960.75, 0.2053647, 0.05348112
960.8, 0.2044965, 0.06272284
960.85, 0.2035021, 0.05222801
960.95, 0.2014342, 0.05771038
961, 0.2004713, 0.05285456
961.05, 0.199461, 0.05755374
961.1, 0.1984666, 0.05410768
961.15, 0.1973301, 0.05269792
961.25, 0.1954674, 0.05489087
961.3, 0.1944414, 0.05395104
961.35, 0.1933995, 0.05113153
961.4, 0.1923577, 0.05786702
961.45, 0.1914738, 0.0537944
961.5, 0.1904477, 0.05395104
961.55, 0.1895164, 0.05160145
961.65, 0.1874328, 0.05489087
961.7, 0.1864857, 0.05128817
961.75, 0.1854438, 0.05332448
961.8, 0.1844494, 0.05113153
961.85, 0.1834233, 0.05097489
961.9, 0.1824447, 0.05175809
961.95, 0.1814502, 0.0478421
962, 0.1804873, 0.05175809
962.1, 0.1784195, 0.05003506
962.15, 0.177425, 0.04878194
962.2, 0.17632, 0.04721555
962.25, 0.1753256, 0.04987842
962.3, 0.1743311, 0.04815539
962.4, 0.1723422, 0.04611908
962.45, 0.1713793, 0.05050497
962.5, 0.1704322, 0.04564916
962.55, 0.1692957, 0.04423941
962.6, 0.1683801, 0.04596243
962.7, 0.1663912, 0.04596243
962.75, 0.1654125, 0.04423941
962.8, 0.164418, 0.04094998
962.85, 0.1634393, 0.04032342
962.9, 0.162508, 0.04956514
962.95, 0.1614189, 0.03092507
963, 0.1603455, 0.04032342
963.05, 0.1593984, 0.03891367
963.1, 0.1585144, 0.04392612
963.15, 0.157441, 0.03609416
963.25, 0.1556257, 0.03155162
963.3, 0.1546155, 0.03828711
963.35, 0.1535894, 0.0354676
963.4, 0.1526581, 0.03374457
963.45, 0.151711, 0.03766055
963.55, 0.1497221, 0.02888875
963.6, 0.1486329, 0.02935867
963.65, 0.1475911, 0.03014187
963.7, 0.146565, 0.03029851
963.75, 0.1455548, 0.02450286
963.8, 0.1445919, 0.03170826
963.9, 0.1425714, 0.02074351
963.95, 0.141498, 0.02873212
964, 0.1404878, 0.0194904
964.05, 0.1395564, 0.02481613
964.1, 0.138483, 0.0187072
964.15, 0.1374254, 0.02324974
964.2, 0.1365415, 0.02215327
964.25, 0.1354839, 0.0158877
964.3, 0.1346315, 0.02700908
964.4, 0.1324373, 0.009935404
964.45, 0.1314745, 0.02356302
964.5, 0.13048, 0.01400802
964.55, 0.1295171, 0.0158877
964.65, 0.1274808, 0.01714081
964.7, 0.1265337, 0.0202736
964.75, 0.125555, 0.0143213
964.8, 0.1245921, 0.01385139
964.85, 0.1235977, 0.01306819
964.9, 0.1226032, 0.008995568
965, 0.1206301, 0.006959258
965.05, 0.1196356, 0.0158877
965.1, 0.1186253, 0.007742454
965.15, 0.1175677, 0.01040532
965.2, 0.1165891, 0.009308847
965.25, 0.1156893, 0.005236226
965.3, 0.1143949, -0.001969181
965.35, 0.113511, 0.01651425
965.4, 0.1125954, 0.01353811
965.45, 0.1115852, -0.001029345
965.55, 0.1096278, 0.004922947
965.6, 0.1085071, -0.006198441
965.65, 0.1075126, 0.008838929
965.7, 0.1065181, -0.002909017
965.75, 0.1056184, 0.003983112
965.8, 0.1046555, -0.008704669
965.9, 0.1024929, -0.01230737
965.95, 0.1014195, -0.01575343
966, 0.1003619, -0.01262065
966.05, 0.09941483, -0.003065657
966.15, 0.0976311, 0.0002237698
966.2, 0.09666821, -0.02483851
966.25, 0.09562638, -0.01747647
966.3, 0.09475821, -0.02139245
966.35, 0.0937006, -0.02311548
966.4, 0.09275349, -0.03470679
966.45, 0.09182217, -0.02593499
966.5, 0.09079614, -0.03627318
966.55, 0.08973853, -0.04363523
966.65, 0.08778118, -0.04880432
966.7, 0.08662885, -0.06478152
966.75, 0.08569753, -0.05679292
966.8, 0.08475043, -0.06493817
966.85, 0.08364546, -0.07856578
966.9, 0.08269836, -0.06963734
967, 0.08055158, -0.09924216
967.05, 0.07963604, -0.0950129
967.1, 0.07864158, -0.1150627
967.15, 0.07769447, -0.1081706
967.2, 0.07668421, -0.1333895
967.25, 0.07572132, -0.147957
967.35, 0.07365347, -0.1694166
967.4, 0.07269058, -0.1720794
967.45, 0.07174347, -0.1893097
967.5, 0.07068587, -0.2184446
967.55, 0.06962826, -0.2195411
967.6, 0.06869694, -0.2355183
967.65, 0.06776562, -0.2519654
967.7, 0.06673958, -0.2774976
967.8, 0.06471908, -0.319477
967.85, 0.06369305, -0.3432862
967.9, 0.06269858, -0.3716379
967.95, 0.06178305, -0.3894947
968, 0.06067809, -0.4281846
968.05, 0.0596994, -0.444945
968.15, 0.05791569, -0.4930333
968.2, 0.05688965, -0.551773
968.25, 0.05576891, -0.6175615
968.3, 0.0547113, -0.650769
968.35, 0.05365369, -0.6864827
968.45, 0.05158584, -0.7555607
968.5, 0.05049667, -0.8260484
