Experiment:, Load
Start date:, ?tvrtek 13. ??jna 2022
Start time:, 14:18:40 +02:00
Time (s), Current Density (A/cm2), Voltage (V)
150.1, 0.01385144, 1.014536
150.15, 0.01322589, 1.025753
150.3, -0.06496777, 1.011218
150.35, -0.004915043, 0.9800925
150.5, -0.005540589, 0.9875183
150.65, -0.007417239, 0.9849904
150.7, -0.008042786, 0.9834105
150.75, -0.007417239, 0.9815145
150.85, -0.008042786, 0.9759846
151, -0.01054498, 0.9665049
151.05, -0.01054498, 0.963187
151.15, -0.01179608, 0.9557612
151.25, -0.01179608, 0.9484934
151.3, -0.01304718, 0.9448595
151.45, -0.01367273, 0.9347478
151.5, -0.01429828, 0.9322199
151.6, -0.01492382, 0.92748
151.75, -0.01554937, 0.9208441
151.8, -0.01617493, 0.9191062
151.95, -0.01680047, 0.9161043
152, -0.01742602, 0.9151562
152.15, -0.01867712, 0.9115224
152.2, -0.01867712, 0.9105744
152.25, -0.01992822, 0.9093104
152.35, -0.01992822, 0.9075725
152.45, -0.02117932, 0.9058346
152.55, -0.02117932, 0.9045706
152.65, -0.02305596, 0.9022006
152.75, -0.02368151, 0.9012527
152.9, -0.02493261, 0.8993567
152.95, -0.02493261, 0.8988827
153.05, -0.02618371, 0.8974608
153.1, -0.02618371, 0.8973027
153.25, -0.02743481, 0.8958808
153.3, -0.02680926, 0.8957228
153.45, -0.02868591, 0.8941429
153.5, -0.02931145, 0.8938269
153.6, -0.03056256, 0.8922469
153.7, -0.03181365, 0.8914569
153.75, -0.03243921, 0.8908249
153.85, -0.03306475, 0.889877
153.95, -0.03431586, 0.888771
154.05, -0.03431586, 0.8881391
154.15, -0.03556695, 0.887665
154.25, -0.03619251, 0.886717
154.4, -0.03806914, 0.8854531
154.45, -0.03806914, 0.8851371
154.5, -0.0374436, 0.8848211
154.6, -0.0386947, 0.8838732
154.75, -0.03994579, 0.8832412
154.8, -0.04119689, 0.8824512
154.95, -0.04244799, 0.8818192
155, -0.04244799, 0.8815032
155.2, -0.04369909, 0.8802392
155.35, -0.04432464, 0.8794492
155.45, -0.04557574, 0.8785013
155.55, -0.04620128, 0.8778693
155.75, -0.04745239, 0.8767633
155.9, -0.04870348, 0.8758153
155.95, -0.04932903, 0.8754994
156, -0.04995458, 0.8751833
156.1, -0.05058013, 0.8745514
156.25, -0.05183123, 0.8731294
156.3, -0.05120568, 0.8732874
156.45, -0.05308233, 0.8724974
156.5, -0.05308233, 0.8724974
156.6, -0.05433342, 0.8721815
156.7, -0.05558453, 0.8715495
156.75, -0.05621007, 0.8709175
156.85, -0.05683562, 0.8701275
157, -0.05808672, 0.8696535
157.05, -0.05808672, 0.8693375
157.2, -0.05933782, 0.8685476
157.25, -0.05996337, 0.8685476
157.35, -0.06121447, 0.8677576
157.45, -0.06184002, 0.8674416
157.55, -0.06371667, 0.8666516
157.6, -0.06371667, 0.8664936
157.7, -0.06496777, 0.8660197
157.8, -0.06434221, 0.8657036
157.95, -0.06621886, 0.8647557
158, -0.06684442, 0.8644397
158.1, -0.06809551, 0.8638077
158.2, -0.06872107, 0.8631757
158.35, -0.0693466, 0.8628597
158.45, -0.0705977, 0.8622277
158.55, -0.0705977, 0.8619117
158.65, -0.07247435, 0.8612798
158.75, -0.07247435, 0.8608057
158.9, -0.074351, 0.8601738
158.95, -0.074351, 0.8598578
159.05, -0.07560209, 0.8595418
159.1, -0.07560209, 0.8595418
159.2, -0.07622765, 0.8589098
159.3, -0.0768532, 0.8589098
159.4, -0.0781043, 0.8582778
159.5, -0.0781043, 0.8581198
159.65, -0.07998095, 0.8573298
159.7, -0.08060649, 0.8571718
159.8, -0.08123204, 0.8566979
159.85, -0.0818576, 0.8563819
160, -0.08310869, 0.8557499
160.05, -0.08310869, 0.8557499
160.25, -0.08435979, 0.8551179
160.35, -0.08561088, 0.8546439
160.45, -0.08623644, 0.854012
160.55, -0.08686198, 0.853538
160.6, -0.08748753, 0.8530639
160.75, -0.08873863, 0.852748
160.8, -0.08936418, 0.852432
160.9, -0.08998973, 0.852274
161, -0.08998973, 0.852116
161.15, -0.09124083, 0.851642
161.2, -0.09186638, 0.851326
161.25, -0.09249193, 0.851168
161.35, -0.09311747, 0.850536
161.45, -0.09436858, 0.8502201
161.55, -0.09499412, 0.8500621
161.65, -0.09561968, 0.8495881
161.75, -0.09624523, 0.8492721
161.8, -0.09749633, 0.8487981
161.95, -0.09874742, 0.8481661
162.05, -0.0999985, 0.8478501
162.1, -0.1006241, 0.8476921
162.3, -0.1006241, 0.8469021
162.4, -0.1025007, 0.8464282
162.5, -0.1031263, 0.8461121
162.6, -0.1043774, 0.8454802
162.7, -0.1037518, 0.8454802
162.8, -0.1056285, 0.8453222
162.85, -0.1056285, 0.8450062
162.95, -0.1068796, 0.8446902
163.05, -0.1075051, 0.8442162
163.2, -0.1100073, 0.8434262
163.25, -0.1093817, 0.8434262
163.3, -0.1106329, 0.8432683
163.45, -0.1106329, 0.8427943
163.5, -0.1112584, 0.8427943
163.6, -0.1112584, 0.8424783
163.75, -0.1125095, 0.8420042
163.8, -0.1125095, 0.8418462
163.9, -0.113135, 0.8415303
164, -0.1137606, 0.8412143
164.15, -0.1150117, 0.8408983
164.2, -0.1156372, 0.8405823
164.3, -0.1162628, 0.8404243
164.35, -0.1168883, 0.8401083
164.45, -0.1175139, 0.8397923
164.55, -0.1175139, 0.8394763
164.65, -0.118765, 0.8391604
164.75, -0.1193905, 0.8388444
164.9, -0.1206416, 0.8382124
164.95, -0.1212672, 0.8377384
165.05, -0.1225183, 0.8375804
165.1, -0.1225183, 0.8372644
165.25, -0.1243949, 0.8367904
165.3, -0.1243949, 0.8366324
165.4, -0.125646, 0.8360004
165.5, -0.1268971, 0.8358424
165.55, -0.1275227, 0.8353685
165.7, -0.1281482, 0.8352104
165.75, -0.1287738, 0.8345785
165.85, -0.1287738, 0.8345785
166, -0.1300249, 0.8337885
166.05, -0.1306504, 0.8337885
166.15, -0.1319015, 0.8334725
166.25, -0.1319015, 0.8331565
166.35, -0.1337782, 0.8325245
166.45, -0.1344037, 0.8322086
166.6, -0.1350293, 0.8314186
166.75, -0.1369059, 0.8311026
166.8, -0.1369059, 0.8309445
166.95, -0.138157, 0.8301546
167, -0.1387826, 0.8299966
167.15, -0.1400337, 0.8295226
167.2, -0.1400337, 0.8293646
167.3, -0.1412848, 0.8288906
167.35, -0.1419103, 0.8287326
167.5, -0.1425359, 0.8282586
167.55, -0.1431614, 0.8281007
167.7, -0.1450381, 0.8274687
167.75, -0.1450381, 0.8274687
167.9, -0.1456636, 0.8271527
167.95, -0.1462891, 0.8268367
168.05, -0.1475403, 0.8266787
168.1, -0.1481658, 0.8263627
168.2, -0.1494169, 0.8258888
168.3, -0.1494169, 0.8255727
168.35, -0.1500424, 0.8254148
168.5, -0.1500424, 0.8252567
168.65, -0.1519191, 0.8246247
168.7, -0.1519191, 0.8244667
168.75, -0.1525446, 0.8241507
168.85, -0.1531702, 0.8238348
168.9, -0.1544213, 0.8235188
169.05, -0.1544213, 0.8235188
169.15, -0.1550468, 0.8232028
169.25, -0.1556724, 0.8228868
169.4, -0.1569235, 0.8224128
169.45, -0.1581746, 0.8222548
169.6, -0.1588001, 0.8217809
169.75, -0.1600512, 0.8211489
169.8, -0.1600512, 0.8209909
169.9, -0.1613023, 0.8206749
170, -0.1613023, 0.8205169
170.1, -0.1625534, 0.8200429
170.2, -0.163179, 0.8198849
170.3, -0.1638045, 0.8195689
170.35, -0.1644301, 0.8194109
170.5, -0.1656812, 0.8190949
170.55, -0.1663067, 0.8189369
170.7, -0.1675578, 0.8184629
170.75, -0.1675578, 0.8181469
170.8, -0.1681834, 0.8179889
170.95, -0.1688089, 0.8178309
171, -0.1694345, 0.817515
171.1, -0.17006, 0.8171989
171.25, -0.1713111, 0.816883
171.3, -0.1706856, 0.816883
171.45, -0.1719366, 0.816251
171.5, -0.1719366, 0.816093
171.6, -0.1744389, 0.815777
171.7, -0.1744389, 0.815461
171.75, -0.1756899, 0.815303
171.85, -0.1756899, 0.815303
171.95, -0.1769411, 0.8148291
172.05, -0.1769411, 0.814513
172.2, -0.1788177, 0.8141971
172.25, -0.1788177, 0.814039
172.4, -0.1800688, 0.813407
172.45, -0.1800688, 0.813407
172.5, -0.1806944, 0.8132491
172.6, -0.1806944, 0.8127751
172.75, -0.182571, 0.8123011
172.8, -0.1831965, 0.8121431
172.9, -0.1838221, 0.8118271
173, -0.1844477, 0.8115111
173.1, -0.1856987, 0.8111951
173.2, -0.1863243, 0.8110371
173.3, -0.1869498, 0.8107212
173.35, -0.1875754, 0.8105631
173.5, -0.1888265, 0.8102471
173.55, -0.189452, 0.8099312
173.65, -0.1900776, 0.8097731
173.8, -0.1900776, 0.8096152
173.85, -0.1913287, 0.8091412
173.9, -0.1919543, 0.8091412
173.95, -0.1925798, 0.8088252
174.1, -0.1932053, 0.8086672
174.25, -0.1944564, 0.8083512
174.3, -0.195082, 0.8080352
174.35, -0.1957076, 0.8078772
174.5, -0.1969586, 0.8074032
174.6, -0.1975842, 0.8072452
174.65, -0.1982097, 0.8070872
174.75, -0.1994608, 0.8067712
174.85, -0.1994608, 0.8066132
175, -0.2007119, 0.8062972
175.05, -0.2007119, 0.8061392
175.2, -0.2013375, 0.8058233
175.25, -0.201963, 0.8058233
175.35, -0.2032141, 0.8055072
175.4, -0.2032141, 0.8055072
175.55, -0.2050908, 0.8048753
175.6, -0.2050908, 0.8048753
175.65, -0.2057163, 0.8047173
175.8, -0.2069674, 0.8042433
175.95, -0.207593, 0.8036113
176, -0.2082185, 0.8034533
176.1, -0.207593, 0.8032954
176.15, -0.2082185, 0.8031374
176.3, -0.2100952, 0.8025053
176.35, -0.2107207, 0.8023473
176.5, -0.2125974, 0.8018733
176.55, -0.2132229, 0.8017154
176.65, -0.2138485, 0.8015574
176.75, -0.214474, 0.8012414
176.85, -0.2150996, 0.8009254
176.9, -0.2157251, 0.8009254
176.95, -0.2163507, 0.8007674
177.1, -0.2176018, 0.8002934
177.25, -0.2182273, 0.7999774
177.3, -0.2188529, 0.7996615
177.35, -0.2194784, 0.7993454
177.5, -0.220104, 0.7990295
177.65, -0.2207295, 0.7985555
177.75, -0.2232317, 0.7982395
177.85, -0.2232317, 0.7980815
177.9, -0.2244828, 0.7979235
178.05, -0.2257339, 0.7976075
178.15, -0.226985, 0.7972915
178.25, -0.226985, 0.7971334
178.3, -0.2276105, 0.7968175
178.4, -0.226985, 0.7968175
178.55, -0.2294872, 0.7961855
178.6, -0.2294872, 0.7961855
178.75, -0.2307383, 0.7957115
178.8, -0.2307383, 0.7955535
178.95, -0.2319894, 0.7952375
179, -0.232615, 0.7952375
179.05, -0.2332405, 0.7949216
179.15, -0.233866, 0.7947636
179.25, -0.2351171, 0.7946056
179.35, -0.2351171, 0.7944475
179.5, -0.2369938, 0.7939736
179.55, -0.2369938, 0.7938156
179.7, -0.2388704, 0.7934996
179.75, -0.2388704, 0.7934996
179.85, -0.2401216, 0.7930256
179.9, -0.2407471, 0.7928676
180.05, -0.2419982, 0.7925516
180.1, -0.2419982, 0.7923936
180.15, -0.2426237, 0.7922357
180.3, -0.2432493, 0.7919196
180.35, -0.2438748, 0.7919196
180.5, -0.2445004, 0.7916036
180.6, -0.2451259, 0.7912876
180.65, -0.2457515, 0.7911296
180.75, -0.2470026, 0.7908136
180.85, -0.2470026, 0.7906557
180.95, -0.2482537, 0.7901817
181.05, -0.2482537, 0.7901817
181.1, -0.2495048, 0.7898657
181.25, -0.2495048, 0.7895497
181.3, -0.2507559, 0.7893917
181.4, -0.2513814, 0.7889177
181.55, -0.2532581, 0.7886018
181.65, -0.2532581, 0.7882857
181.75, -0.2551347, 0.7881277
181.8, -0.2551347, 0.7881277
181.9, -0.2563858, 0.7876537
182, -0.2563858, 0.7874958
182.05, -0.2576369, 0.7873378
182.15, -0.2576369, 0.7871798
182.25, -0.258888, 0.7868638
182.35, -0.2601391, 0.7865478
182.5, -0.2607647, 0.7862318
182.55, -0.2613902, 0.7859158
182.7, -0.2626413, 0.7857578
182.75, -0.2626413, 0.7855998
182.85, -0.2638924, 0.7852838
182.9, -0.2632668, 0.7854418
183, -0.2651435, 0.7851258
183.1, -0.2657691, 0.7848098
183.25, -0.2670201, 0.7844938
183.3, -0.2676457, 0.7843359
183.35, -0.2682712, 0.7841778
183.5, -0.2688968, 0.7838619
183.55, -0.2695223, 0.7835459
183.65, -0.2695223, 0.7833878
183.8, -0.2707734, 0.7829139
183.85, -0.271399, 0.7829139
184, -0.2732756, 0.7825979
184.05, -0.2732756, 0.7825979
184.15, -0.2745267, 0.7821239
184.25, -0.2745267, 0.7819659
184.35, -0.2757778, 0.7816499
184.4, -0.2757778, 0.7816499
184.45, -0.2770289, 0.7814919
184.6, -0.2770289, 0.781176
184.65, -0.27828, 0.781176
184.8, -0.27828, 0.7808599
184.85, -0.2795311, 0.7808599
185, -0.2801567, 0.780544
185.1, -0.2814078, 0.7802279
185.15, -0.2814078, 0.7800699
185.3, -0.2832844, 0.779438
185.35, -0.2832844, 0.779438
185.5, -0.2845355, 0.779122
185.55, -0.2851611, 0.778806
185.75, -0.2864122, 0.778648
185.9, -0.2870377, 0.778174
186.05, -0.2889144, 0.777858
186.1, -0.2889144, 0.777858
186.25, -0.2901655, 0.7775421
186.3, -0.290791, 0.777384
186.45, -0.2920421, 0.7769101
186.5, -0.2920421, 0.7767521
186.65, -0.2926677, 0.7764361
186.75, -0.2932932, 0.7762781
186.85, -0.2945443, 0.7761201
187, -0.296421, 0.7754881
187.05, -0.2970465, 0.7751721
187.2, -0.2989231, 0.7750141
187.25, -0.2995487, 0.7748562
187.35, -0.3001743, 0.7748562
187.4, -0.3001743, 0.7746981
187.5, -0.3007998, 0.7742241
187.6, -0.3007998, 0.7742241
187.75, -0.303302, 0.7739081
187.8, -0.303302, 0.7737501
187.95, -0.3045531, 0.7732762
188, -0.3051786, 0.7729601
188.1, -0.3064297, 0.7728022
188.15, -0.3064297, 0.7726442
188.2, -0.3070553, 0.7724862
188.35, -0.3076809, 0.7721702
188.5, -0.3089319, 0.7716962
188.55, -0.3089319, 0.7715382
188.65, -0.310183, 0.7713802
188.75, -0.310183, 0.7710642
188.8, -0.3114342, 0.7709062
188.9, -0.3126852, 0.7705902
189.05, -0.3133108, 0.7704322
189.1, -0.3139363, 0.7701163
189.15, -0.3145619, 0.7699583
189.3, -0.3151874, 0.7698002
189.45, -0.3164385, 0.7694843
189.5, -0.3164385, 0.7693263
189.55, -0.3170641, 0.7691682
189.65, -0.3170641, 0.7691682
189.8, -0.3183152, 0.7688522
189.85, -0.3189407, 0.7686942
190, -0.3201918, 0.7685363
190.05, -0.3201918, 0.7685363
190.2, -0.3214429, 0.7682202
190.25, -0.3220685, 0.7680623
190.3, -0.3233195, 0.7680623
190.4, -0.3233195, 0.7679043
190.55, -0.3251962, 0.7679043
190.6, -0.3258218, 0.7675883
190.8, -0.3264473, 0.7672723
190.9, -0.328324, 0.7669563
191, -0.328324, 0.7669563
191.05, -0.3289495, 0.7667983
191.15, -0.3289495, 0.7667983
191.3, -0.3314517, 0.7663243
191.35, -0.3314517, 0.7663243
191.45, -0.3327028, 0.7660083
191.55, -0.3327028, 0.7660083
191.7, -0.3339539, 0.7655343
191.75, -0.3345795, 0.7653764
191.85, -0.3358306, 0.7652184
191.9, -0.3358306, 0.7649024
192.05, -0.3370816, 0.7647444
192.1, -0.3377072, 0.7645864
192.25, -0.3389583, 0.7644284
192.3, -0.3389583, 0.7642704
192.45, -0.3402094, 0.7639544
192.5, -0.340835, 0.7637964
192.6, -0.3414605, 0.7636384
192.65, -0.3420861, 0.7634804
192.7, -0.3427116, 0.7633224
192.85, -0.3433371, 0.7631644
193, -0.3458393, 0.7626904
193.05, -0.3458393, 0.7625324
193.2, -0.3470905, 0.7622164
193.25, -0.3470905, 0.7620584
193.3, -0.347716, 0.7619004
193.4, -0.3483416, 0.7619004
193.45, -0.3489671, 0.7617425
193.6, -0.3495926, 0.7615845
193.7, -0.3508437, 0.7612684
193.8, -0.3508437, 0.7612684
193.9, -0.3514693, 0.7609525
194, -0.3520948, 0.7607945
194.05, -0.3527204, 0.7607945
194.15, -0.3533459, 0.7604785
194.2, -0.3539715, 0.7603205
194.35, -0.3552226, 0.7601625
194.5, -0.3570992, 0.7596885
194.55, -0.3564737, 0.7595305
194.7, -0.3583503, 0.7592145
194.75, -0.3589759, 0.7592145
194.85, -0.3596014, 0.7588986
194.9, -0.360227, 0.7587405
195.05, -0.3614781, 0.7582666
195.15, -0.3608525, 0.7582666
195.25, -0.3627291, 0.7582666
195.35, -0.3627291, 0.7579505
195.45, -0.3646058, 0.7577925
195.5, -0.3646058, 0.7574766
195.55, -0.3652314, 0.7576345
195.65, -0.3658569, 0.7574766
195.8, -0.3664825, 0.7568446
195.85, -0.367108, 0.7568446
196.05, -0.3683591, 0.7563706
196.2, -0.3696102, 0.7562126
196.25, -0.3702357, 0.7560546
196.35, -0.3708613, 0.7555806
196.4, -0.3708613, 0.7557386
196.45, -0.3702357, 0.7555806
196.6, -0.3708613, 0.7552646
196.7, -0.3721124, 0.7551066
196.8, -0.3721124, 0.7549486
196.85, -0.3733635, 0.7549486
197, -0.3739891, 0.7546327
197.05, -0.3746146, 0.7544746
197.15, -0.3758657, 0.7544746
197.25, -0.3764912, 0.7540007
197.35, -0.3764912, 0.7538427
197.5, -0.3789935, 0.7532107
197.55, -0.3789935, 0.7532107
197.7, -0.379619, 0.7528947
197.85, -0.3814957, 0.7524207
197.9, -0.3814957, 0.7522627
198.05, -0.3833723, 0.7519467
198.1, -0.3827467, 0.7519467
198.25, -0.3839978, 0.7514727
198.3, -0.3846234, 0.7513147
198.45, -0.3852489, 0.7511567
198.5, -0.3865001, 0.7509987
198.65, -0.3865001, 0.7506828
198.8, -0.3883767, 0.7503667
198.85, -0.3890022, 0.7503667
198.95, -0.3896278, 0.7500508
199.05, -0.3902533, 0.7498928
199.1, -0.3908789, 0.7497348
199.2, -0.3908789, 0.7495768
199.35, -0.3927556, 0.7492608
199.4, -0.3933811, 0.7491028
199.45, -0.3946322, 0.7489448
199.6, -0.3946322, 0.7489448
199.65, -0.3952577, 0.7486288
199.8, -0.3971344, 0.7484708
199.9, -0.39776, 0.7481548
199.95, -0.39776, 0.7481548
200.05, -0.3983855, 0.7479969
200.15, -0.3983855, 0.7478389
200.3, -0.4008877, 0.7475229
200.35, -0.4008877, 0.7475229
200.5, -0.4021388, 0.7470489
200.55, -0.4027643, 0.7468909
200.6, -0.4033899, 0.7468909
200.7, -0.4033899, 0.7467328
200.85, -0.4052666, 0.7462589
200.9, -0.4052666, 0.7462589
201.05, -0.4065176, 0.7459429
201.1, -0.4065176, 0.7457849
201.25, -0.4083943, 0.7454689
201.3, -0.4090198, 0.7453109
201.45, -0.4096454, 0.7451529
201.6, -0.4115221, 0.7448369
201.65, -0.4115221, 0.7448369
201.8, -0.4127732, 0.744363
201.85, -0.4127732, 0.744363
202, -0.4146498, 0.7442049
202.05, -0.4146498, 0.7440469
202.2, -0.4146498, 0.7440469
202.25, -0.4159009, 0.7438889
202.4, -0.417152, 0.743731
202.5, -0.4184031, 0.7434149
202.6, -0.4184031, 0.7434149
202.75, -0.4196542, 0.743257
202.8, -0.4202798, 0.742941
202.9, -0.4209053, 0.742783
202.95, -0.4215308, 0.742625
203.05, -0.4234075, 0.742309
203.15, -0.424033, 0.742309
203.25, -0.4252841, 0.741835
203.35, -0.4252841, 0.741835
203.5, -0.4265352, 0.741519
203.55, -0.4265352, 0.741361
203.65, -0.4277863, 0.7412031
203.7, -0.4277863, 0.7412031
203.8, -0.4290374, 0.740887
203.9, -0.429663, 0.740887
204.05, -0.4315396, 0.740571
204.1, -0.4315396, 0.740413
204.25, -0.4327907, 0.740097
204.3, -0.4327907, 0.740097
204.4, -0.4346673, 0.739781
204.45, -0.4346673, 0.7396231
204.55, -0.4352929, 0.7396231
204.65, -0.436544, 0.739307
204.8, -0.4371696, 0.7389911
204.85, -0.4371696, 0.7389911
205, -0.4396717, 0.7386751
205.05, -0.4390462, 0.7385171
205.15, -0.4402973, 0.7382011
205.2, -0.4402973, 0.7382011
205.3, -0.4421739, 0.7378851
205.4, -0.4421739, 0.7375691
205.55, -0.4446762, 0.7372531
205.6, -0.4446762, 0.7372531
205.8, -0.4453017, 0.7367792
205.85, -0.4459273, 0.7367792
205.95, -0.4459273, 0.7366211
206.05, -0.4478039, 0.7364632
206.15, -0.4484295, 0.7364632
206.2, -0.449055, 0.7361472
206.35, -0.449055, 0.7359892
206.5, -0.4503061, 0.7355151
206.55, -0.4503061, 0.7355151
206.65, -0.4515572, 0.7351992
206.7, -0.4515572, 0.7353572
206.8, -0.4534338, 0.7350411
206.9, -0.4534338, 0.7347252
207.05, -0.4553105, 0.7342512
207.1, -0.4559361, 0.7342512
207.25, -0.4578127, 0.7339352
207.3, -0.4578127, 0.7339352
207.4, -0.4584382, 0.7337772
207.45, -0.4590638, 0.7336192
207.6, -0.4603148, 0.7334612
207.65, -0.4603148, 0.7333032
207.7, -0.461566, 0.7333032
207.85, -0.4621915, 0.7331452
208, -0.4634426, 0.7328292
208.05, -0.4634426, 0.7326713
208.1, -0.4640682, 0.7326713
208.2, -0.4646937, 0.7325132
208.3, -0.4659448, 0.7321973
208.4, -0.4659448, 0.7321973
208.5, -0.4671959, 0.7320393
208.6, -0.468447, 0.7317233
208.8, -0.4696981, 0.7314073
208.95, -0.4696981, 0.7310913
209.1, -0.4722003, 0.7307753
209.15, -0.4722003, 0.7307753
209.3, -0.4734514, 0.7306173
209.35, -0.4734514, 0.7306173
209.4, -0.475328, 0.7304593
209.55, -0.4765792, 0.7301434
209.7, -0.4765792, 0.7299854
209.85, -0.4778303, 0.7295113
209.9, -0.4778303, 0.7295113
210, -0.4797069, 0.7291953
210.1, -0.4797069, 0.7288793
210.2, -0.480958, 0.7287213
210.3, -0.4815836, 0.7284054
210.4, -0.4828346, 0.7282473
210.45, -0.4828346, 0.7280893
210.6, -0.4840857, 0.7277734
210.65, -0.4840857, 0.7277734
210.75, -0.4853369, 0.7276154
210.85, -0.4859623, 0.7272994
210.9, -0.4853369, 0.7272994
211.05, -0.4859623, 0.7271414
211.1, -0.4872135, 0.7271414
211.2, -0.487839, 0.7269834
211.35, -0.4897157, 0.7263514
211.4, -0.4903412, 0.7261934
211.45, -0.4897157, 0.7261934
211.6, -0.4915923, 0.7258775
211.75, -0.4928434, 0.7255614
211.8, -0.4928434, 0.7255614
211.85, -0.4940945, 0.7254035
211.95, -0.4940945, 0.7252455
212.1, -0.4959712, 0.7246135
212.15, -0.4965968, 0.7246135
212.2, -0.4978478, 0.7244554
212.35, -0.4978478, 0.7241395
212.5, -0.4990989, 0.7238235
212.55, -0.4997245, 0.7238235
212.6, -0.50035, 0.7236655
212.7, -0.50035, 0.7235075
212.8, -0.5016011, 0.7231915
212.9, -0.5016011, 0.7230335
213, -0.5034778, 0.7227175
213.1, -0.5034778, 0.7225595
213.15, -0.5041034, 0.7225595
213.3, -0.5053544, 0.7220855
213.4, -0.5066055, 0.7219275
213.45, -0.5072311, 0.7216116
213.6, -0.5091077, 0.7212955
213.65, -0.5091077, 0.7212955
213.75, -0.5097333, 0.7211376
213.85, -0.5103588, 0.7209796
213.95, -0.5109844, 0.7208216
214.05, -0.5122354, 0.7205056
214.15, -0.512861, 0.7203476
214.2, -0.512861, 0.7201896
214.3, -0.5141121, 0.7200316
214.4, -0.5147377, 0.7198736
214.5, -0.5153632, 0.7195576
214.6, -0.5159887, 0.7192416
214.75, -0.5178654, 0.7189257
214.8, -0.5184909, 0.7187676
214.9, -0.519742, 0.7186096
214.95, -0.5203676, 0.7184516
215.1, -0.5216187, 0.7181356
215.15, -0.5222443, 0.7179776
215.25, -0.5228698, 0.7178196
215.35, -0.5241209, 0.7175037
215.45, -0.525372, 0.7173457
215.55, -0.5259975, 0.7171876
215.6, -0.5266231, 0.7168717
215.7, -0.5272486, 0.7167137
215.8, -0.5278742, 0.7165557
215.9, -0.5284998, 0.7165557
216, -0.5291253, 0.7163977
216.1, -0.5297509, 0.7162397
216.25, -0.5310019, 0.7159237
216.3, -0.5316275, 0.7159237
216.4, -0.5335041, 0.7156077
216.45, -0.5341297, 0.7156077
216.6, -0.5353808, 0.7152917
216.65, -0.5360064, 0.7151337
216.75, -0.5372575, 0.7149757
216.9, -0.5372575, 0.7148178
217, -0.5391341, 0.7143438
217.05, -0.5397596, 0.7141858
217.2, -0.5410107, 0.7138698
217.25, -0.5416362, 0.7137118
217.4, -0.5422618, 0.7135538
217.55, -0.5435129, 0.7130798
217.6, -0.5441385, 0.7129217
217.75, -0.5460151, 0.7124478
217.8, -0.5460151, 0.7122898
217.85, -0.5466407, 0.7122898
217.95, -0.5466407, 0.7122898
218.05, -0.5478918, 0.7119738
218.15, -0.5485173, 0.7119738
218.3, -0.550394, 0.7114998
218.35, -0.550394, 0.7114998
218.4, -0.5516451, 0.7111838
218.55, -0.5522706, 0.7110258
218.6, -0.5528961, 0.7108678
218.7, -0.5535217, 0.7105519
218.85, -0.5553984, 0.7102358
218.9, -0.5560239, 0.7100779
218.95, -0.5566494, 0.7099199
219.1, -0.557275, 0.7097619
219.25, -0.5585261, 0.7094459
219.3, -0.5591516, 0.7092879
219.35, -0.5597772, 0.7091299
219.45, -0.5597772, 0.7091299
219.6, -0.5622794, 0.7086559
219.65, -0.5616539, 0.7086559
219.8, -0.564156, 0.7081819
219.85, -0.5647816, 0.7081819
220, -0.5666582, 0.7077079
220.05, -0.5660327, 0.7077079
220.15, -0.5672838, 0.7075499
220.2, -0.5685349, 0.7073919
220.25, -0.5679093, 0.7073919
220.4, -0.5691605, 0.7069179
220.55, -0.5704115, 0.7069179
220.6, -0.5704115, 0.7069179
220.65, -0.5710371, 0.7066019
220.75, -0.5710371, 0.7066019
220.85, -0.5722882, 0.706286
220.95, -0.5729137, 0.7061279
221, -0.5735393, 0.7059699
221.15, -0.5741648, 0.705812
221.3, -0.5754159, 0.705654
221.35, -0.5760415, 0.705496
221.4, -0.576667, 0.705338
221.5, -0.5772926, 0.70518
221.55, -0.5779181, 0.705022
221.7, -0.5791692, 0.704548
221.8, -0.5804203, 0.70439
221.9, -0.5810459, 0.704232
222.05, -0.582297, 0.7037581
222.1, -0.582297, 0.7036
222.15, -0.5829225, 0.7036
222.25, -0.5829225, 0.703442
222.4, -0.5860503, 0.70281
222.45, -0.5860503, 0.70281
222.55, -0.5866758, 0.7026521
222.65, -0.5873014, 0.7024941
222.8, -0.5885525, 0.7021781
222.85, -0.5885525, 0.7021781
222.95, -0.589178, 0.701862
223, -0.589178, 0.7017041
223.15, -0.5910546, 0.7013881
223.2, -0.5916802, 0.70123
223.3, -0.5923058, 0.70123
223.4, -0.5929313, 0.7009141
223.55, -0.594808, 0.7005981
223.6, -0.594808, 0.7004401
223.7, -0.5941824, 0.7002821
223.75, -0.5954335, 0.7001241
223.9, -0.5973101, 0.6998081
224, -0.5991868, 0.6994922
224.05, -0.5979357, 0.6996501
224.15, -0.5998124, 0.6993341
224.3, -0.6010634, 0.6991761
224.35, -0.6010634, 0.6990182
224.4, -0.601689, 0.6988602
224.5, -0.6023146, 0.6985442
224.65, -0.6029401, 0.6985442
224.7, -0.6035656, 0.6982282
224.8, -0.6048167, 0.6979122
224.9, -0.6048167, 0.6977542
225.05, -0.6066934, 0.6974382
225.1, -0.607319, 0.6972802
225.25, -0.607319, 0.6969643
225.35, -0.60857, 0.6966482
225.45, -0.6091956, 0.6966482
225.6, -0.6110722, 0.6963323
225.7, -0.6116978, 0.6963323
225.8, -0.6129489, 0.6960162
225.85, -0.6129489, 0.6958582
225.95, -0.6142, 0.6957002
226, -0.6142, 0.6957002
226.05, -0.6148256, 0.6955422
226.2, -0.615451, 0.6953843
226.3, -0.6173277, 0.6950682
226.45, -0.6167022, 0.6949102
226.55, -0.6192044, 0.6945943
226.6, -0.6192044, 0.6944363
226.7, -0.6204555, 0.6942783
226.8, -0.6204555, 0.6939623
226.85, -0.6217066, 0.6939623
226.95, -0.6229576, 0.6938043
227.1, -0.6235832, 0.6936463
227.15, -0.6242088, 0.6934883
227.3, -0.6254599, 0.6931723
227.35, -0.6260854, 0.6930143
227.45, -0.626711, 0.6928563
227.5, -0.6273365, 0.6928563
227.6, -0.6279621, 0.6925403
227.7, -0.6285876, 0.6923823
227.85, -0.6298387, 0.6920664
227.9, -0.6304642, 0.6919084
227.95, -0.6310898, 0.6919084
228.1, -0.6323409, 0.6914344
228.25, -0.6329665, 0.6912764
228.3, -0.633592, 0.6911184
228.45, -0.633592, 0.6908024
228.6, -0.6348431, 0.6904864
228.65, -0.6348431, 0.6901703
228.75, -0.6360942, 0.6898544
228.85, -0.6367197, 0.6895384
228.95, -0.6373453, 0.6892224
229, -0.6373453, 0.6892224
229.15, -0.639222, 0.6887484
229.25, -0.639222, 0.6885904
229.35, -0.640473, 0.6882744
229.4, -0.640473, 0.6882744
229.55, -0.6429752, 0.6876425
229.6, -0.6429752, 0.6874845
229.75, -0.6442263, 0.6873265
229.9, -0.6448519, 0.6870105
229.95, -0.6467286, 0.6868525
230.05, -0.6473541, 0.6865365
230.2, -0.6473541, 0.6862205
230.3, -0.6486052, 0.6859046
230.35, -0.6492307, 0.6859046
230.45, -0.6504818, 0.6855885
230.5, -0.6511074, 0.6855885
230.65, -0.6523585, 0.6852726
230.7, -0.6523585, 0.6852726
230.85, -0.6536096, 0.6849565
230.9, -0.6536096, 0.6849565
231.05, -0.6561118, 0.6844825
231.1, -0.6561118, 0.6841666
231.15, -0.6554862, 0.6841666
231.25, -0.6567374, 0.6841666
231.35, -0.6579884, 0.6836926
231.45, -0.6579884, 0.6835346
231.6, -0.6592395, 0.6832186
231.65, -0.6598651, 0.6832186
231.75, -0.6611161, 0.6829026
231.85, -0.6611161, 0.6829026
231.95, -0.6623672, 0.6825866
232, -0.6623672, 0.6825866
232.1, -0.6648695, 0.6821126
232.2, -0.6648695, 0.6819546
232.3, -0.6661205, 0.6817966
232.4, -0.6667461, 0.6816387
232.55, -0.6673717, 0.6813226
232.6, -0.6673717, 0.6811647
232.65, -0.6679972, 0.6811647
232.75, -0.6679972, 0.6810067
232.9, -0.6692483, 0.6805327
232.95, -0.6698738, 0.6805327
233, -0.6704994, 0.6805327
233.15, -0.6717505, 0.6802167
233.2, -0.6723761, 0.6800587
233.35, -0.6736272, 0.6795847
233.45, -0.6742527, 0.6794267
233.5, -0.6748782, 0.6792687
233.55, -0.6755038, 0.6792687
233.7, -0.6767549, 0.6789527
233.85, -0.678006, 0.6786367
233.9, -0.678006, 0.6784787
234.05, -0.6792571, 0.6781627
234.1, -0.6798827, 0.6778467
234.25, -0.6798827, 0.6776887
234.35, -0.6811337, 0.6775308
234.45, -0.6811337, 0.6773728
234.6, -0.6830104, 0.6768988
234.65, -0.6836359, 0.6767408
234.8, -0.684887, 0.6764248
234.85, -0.684887, 0.6764248
234.9, -0.6855126, 0.6762668
235, -0.6861382, 0.6761088
235.1, -0.6873892, 0.6757928
235.2, -0.6873892, 0.6756348
235.35, -0.6892659, 0.6753188
235.4, -0.6898914, 0.6751608
235.5, -0.690517, 0.6751608
235.6, -0.6898914, 0.6750028
235.7, -0.6917681, 0.6748449
235.75, -0.6917681, 0.6745288
235.9, -0.6930192, 0.6743709
235.95, -0.6930192, 0.6743709
236.1, -0.6948958, 0.6738968
236.15, -0.6948958, 0.6738968
236.3, -0.6961469, 0.6735808
236.35, -0.6967725, 0.6735808
236.45, -0.6973981, 0.6732649
236.5, -0.6980236, 0.6732649
236.55, -0.6992747, 0.6731068
236.7, -0.6999002, 0.6729488
236.85, -0.7017768, 0.6726329
236.9, -0.7017768, 0.6724749
237.05, -0.703028, 0.6721589
237.1, -0.703028, 0.6721589
237.15, -0.7036535, 0.6720009
237.25, -0.7042791, 0.6718429
237.3, -0.7049046, 0.6716849
237.45, -0.7055302, 0.6713689
237.5, -0.7061557, 0.6712109
237.65, -0.7074068, 0.6712109
237.85, -0.7092834, 0.670579
237.9, -0.709909, 0.6704209
238, -0.7086579, 0.6704209
238.15, -0.7105346, 0.6702629
238.2, -0.71116, 0.6702629
238.35, -0.7136623, 0.669789
238.4, -0.7136623, 0.669631
238.55, -0.7155389, 0.668999
238.6, -0.7149134, 0.668841
238.7, -0.71679, 0.668525
238.75, -0.71679, 0.668209
238.95, -0.7174155, 0.668051
239.1, -0.7192923, 0.667577
239.15, -0.7192923, 0.667577
239.3, -0.7211689, 0.667419
239.35, -0.7217944, 0.667261
239.45, -0.7230455, 0.667103
239.5, -0.7230455, 0.667103
239.65, -0.7242966, 0.666945
239.7, -0.7242966, 0.666945
239.85, -0.7261732, 0.666155
239.9, -0.7261732, 0.6658391
240.05, -0.72805, 0.6658391
240.1, -0.7274244, 0.6658391
240.2, -0.7286755, 0.6656811
240.25, -0.7286755, 0.6655231
240.35, -0.7299266, 0.6656811
240.45, -0.7311776, 0.6653651
240.6, -0.7324287, 0.6650491
240.65, -0.7324287, 0.6648911
240.8, -0.734931, 0.6645751
240.85, -0.734931, 0.6642591
240.9, -0.7355565, 0.6642591
241, -0.7361821, 0.6641011
241.05, -0.7355565, 0.6639431
241.2, -0.7361821, 0.6636271
241.25, -0.7374332, 0.6636271
241.4, -0.7374332, 0.6633112
241.5, -0.7386843, 0.6631532
241.6, -0.7386843, 0.6633112
241.65, -0.7393098, 0.6633112
241.8, -0.7399354, 0.6629952
241.85, -0.7411865, 0.6628371
241.95, -0.7411865, 0.6628371
242.1, -0.7424375, 0.6625211
242.15, -0.7424375, 0.6625211
242.25, -0.7443142, 0.6620471
242.35, -0.7443142, 0.6620471
242.45, -0.7455653, 0.6618891
242.5, -0.7455653, 0.6615732
242.65, -0.7468164, 0.6612571
242.7, -0.7474419, 0.6610992
242.85, -0.748693, 0.6609412
242.9, -0.748693, 0.6609412
243.05, -0.7499442, 0.6606252
243.1, -0.7505697, 0.6606252
243.15, -0.7511953, 0.6604672
243.25, -0.7518208, 0.6603092
243.4, -0.7530719, 0.6599932
243.45, -0.7536975, 0.6598352
243.6, -0.7549486, 0.6596772
243.75, -0.7549486, 0.6596772
243.8, -0.7561996, 0.6596772
243.85, -0.7568251, 0.6595193
243.9, -0.7574507, 0.6593612
244, -0.7574507, 0.6592032
244.1, -0.7587019, 0.6588873
244.2, -0.7587019, 0.6588873
244.25, -0.7599529, 0.6585713
244.4, -0.761204, 0.6584133
244.5, -0.7624551, 0.6582553
244.55, -0.7624551, 0.6582553
244.65, -0.7637062, 0.6579393
244.75, -0.7637062, 0.6579393
244.9, -0.7655829, 0.6576233
244.95, -0.7655829, 0.6574653
245.05, -0.766834, 0.6573073
245.15, -0.7674596, 0.6573073
245.2, -0.768085, 0.6571493
245.3, -0.7687106, 0.6568333
245.35, -0.7693362, 0.6568333
245.5, -0.7699617, 0.6568333
245.55, -0.7705873, 0.6566753
245.7, -0.7705873, 0.6563593
245.8, -0.7718383, 0.6562013
245.9, -0.7730894, 0.6558853
246, -0.7743406, 0.6555693
246.05, -0.7743406, 0.6555693
246.2, -0.774966, 0.6554114
246.25, -0.7755917, 0.6552534
246.3, -0.7762172, 0.6552534
246.45, -0.7768428, 0.6549373
246.6, -0.7780939, 0.6546214
246.65, -0.7787194, 0.6544634
246.75, -0.7799706, 0.6543054
246.8, -0.7799706, 0.6541474
247, -0.7812216, 0.6538314
247.15, -0.7824726, 0.6535154
247.2, -0.7824726, 0.6533574
247.35, -0.7843494, 0.6528834
247.4, -0.7849749, 0.6528834
247.5, -0.7856005, 0.6525674
247.55, -0.786226, 0.6525674
247.7, -0.7874771, 0.6522515
247.75, -0.7874771, 0.6522515
247.9, -0.7887283, 0.6519355
247.95, -0.7893538, 0.6517774
248.05, -0.7899793, 0.6516195
248.15, -0.7899793, 0.6514615
248.3, -0.791856, 0.6511455
248.4, -0.7931071, 0.6508294
248.5, -0.7937326, 0.6506715
248.65, -0.7949837, 0.6505135
248.7, -0.7949837, 0.6503555
248.8, -0.7962348, 0.6500395
248.9, -0.7968604, 0.6498815
249.05, -0.7981114, 0.6495655
249.2, -0.7999881, 0.6492495
249.25, -0.7999881, 0.6492495
249.4, -0.8018647, 0.6489335
249.45, -0.8018647, 0.6487755
249.6, -0.8024903, 0.6484596
249.65, -0.8024903, 0.6483015
249.75, -0.8031158, 0.6483015
249.8, -0.8037415, 0.6481435
249.95, -0.8049925, 0.6479856
250, -0.8049925, 0.6478276
250.15, -0.8068692, 0.6475116
250.2, -0.8068692, 0.6475116
250.3, -0.8074947, 0.6473536
250.4, -0.8081201, 0.6470376
250.5, -0.8093713, 0.6468796
250.55, -0.8093713, 0.6467216
250.7, -0.811248, 0.6462476
250.75, -0.8118735, 0.6462476
250.8, -0.812499, 0.6460896
250.95, -0.812499, 0.6459317
251.1, -0.8137502, 0.6457736
251.15, -0.8143758, 0.6456156
251.2, -0.8156268, 0.6452996
251.3, -0.8162524, 0.6452996
251.45, -0.8175035, 0.6448256
251.5, -0.818129, 0.6446676
251.6, -0.8193801, 0.6445096
251.7, -0.8200056, 0.6443517
251.85, -0.8212567, 0.6441936
251.9, -0.8212567, 0.6440356
252, -0.8225079, 0.6438776
252.05, -0.8225079, 0.6437197
252.2, -0.8243845, 0.6434036
252.25, -0.8250101, 0.6432457
252.4, -0.8256356, 0.6429297
252.45, -0.8262612, 0.6429297
252.5, -0.8268867, 0.6427717
252.65, -0.8268867, 0.6426137
252.7, -0.8275122, 0.6424557
252.8, -0.8281378, 0.6422977
252.95, -0.8300145, 0.6419817
253, -0.8300145, 0.6418237
253.15, -0.8312656, 0.6415077
253.2, -0.8312656, 0.6415077
253.35, -0.8331422, 0.6411918
253.4, -0.8337678, 0.6410338
253.5, -0.8343932, 0.6408758
253.55, -0.8343932, 0.6407177
253.65, -0.8350188, 0.6405598
253.75, -0.8362699, 0.6402437
253.8, -0.8356444, 0.6402437
253.95, -0.8368955, 0.6400858
254.1, -0.8381465, 0.6396118
254.15, -0.8387721, 0.6396118
254.25, -0.8393977, 0.6392958
254.3, -0.8393977, 0.6392958
254.35, -0.8406488, 0.6392958
254.5, -0.8412744, 0.6389798
254.55, -0.8418999, 0.6389798
254.7, -0.8425254, 0.6388218
254.8, -0.8444022, 0.6386638
254.9, -0.8450277, 0.6385058
254.95, -0.8456532, 0.6385058
255.05, -0.8462787, 0.6381898
255.2, -0.8469042, 0.6381898
255.35, -0.8475298, 0.6381898
255.4, -0.848781, 0.6378738
255.45, -0.848781, 0.6378738
255.6, -0.850032, 0.6375578
255.65, -0.8512831, 0.6375578
255.75, -0.8525343, 0.6372418
255.8, -0.8525343, 0.6370838
255.9, -0.8544109, 0.6366099
256, -0.8537853, 0.6366099
256.1, -0.8550365, 0.6364519
256.2, -0.855662, 0.6364519
256.35, -0.8575386, 0.6359779
256.4, -0.8575386, 0.6359779
256.5, -0.8587897, 0.6358199
256.55, -0.8587897, 0.6356619
256.65, -0.8600408, 0.6355039
256.75, -0.8600408, 0.6355039
256.9, -0.8612919, 0.6350299
256.95, -0.8619174, 0.634872
257.05, -0.8631686, 0.634872
257.15, -0.863794, 0.6345559
257.25, -0.8650452, 0.6342399
257.3, -0.8644196, 0.6342399
257.4, -0.8656708, 0.6339239
257.55, -0.8662963, 0.6336079
257.65, -0.8681729, 0.6331339
257.7, -0.8681729, 0.6329759
257.85, -0.8700497, 0.632502
257.9, -0.8706752, 0.6323439
258.05, -0.8719263, 0.63187
258.1, -0.8713007, 0.63187
258.25, -0.8725517, 0.631554
258.4, -0.8738029, 0.631238
258.45, -0.8738029, 0.63108
258.6, -0.8763051, 0.6306061
258.65, -0.8763051, 0.6306061
258.75, -0.8769306, 0.63029
258.8, -0.8775562, 0.63029
258.95, -0.8781818, 0.6299741
259, -0.8781818, 0.6299741
259.15, -0.8794328, 0.6295001
259.2, -0.8800584, 0.6295001
259.25, -0.880684, 0.6295001
259.4, -0.8813095, 0.6291841
259.5, -0.8819351, 0.628868
259.55, -0.8813095, 0.628868
259.7, -0.8831861, 0.6285521
259.75, -0.8838117, 0.6285521
259.9, -0.8856883, 0.628078
259.95, -0.8856883, 0.628078
260.1, -0.8875649, 0.6276041
260.15, -0.8875649, 0.6276041
260.25, -0.8888161, 0.6272881
260.3, -0.8894417, 0.6272881
260.45, -0.8900671, 0.6269721
260.5, -0.8906927, 0.6269721
260.65, -0.8925694, 0.6264981
260.75, -0.8919438, 0.6264981
260.85, -0.893195, 0.6261821
260.9, -0.8925694, 0.6261821
261, -0.894446, 0.6258662
261.05, -0.894446, 0.6258662
261.2, -0.8969483, 0.6255502
261.25, -0.8969483, 0.6255502
261.35, -0.8981992, 0.6252342
261.45, -0.8988248, 0.6249182
261.6, -0.900076, 0.6247602
261.65, -0.900076, 0.6246022
261.75, -0.9007015, 0.6244442
261.8, -0.901327, 0.6242862
261.9, -0.9025781, 0.6239702
262, -0.9025781, 0.6239702
262.15, -0.9038293, 0.6236542
262.2, -0.9050803, 0.6234962
262.25, -0.9038293, 0.6234962
262.4, -0.9050803, 0.6230222
262.5, -0.9063315, 0.6228642
262.55, -0.906957, 0.6227062
262.6, -0.9075826, 0.6223902
262.75, -0.9082082, 0.6223902
262.8, -0.9094592, 0.6222323
262.95, -0.9094592, 0.6219162
263.05, -0.9113358, 0.6216003
263.15, -0.9113358, 0.6214423
263.2, -0.9119614, 0.6212842
263.3, -0.9119614, 0.6211263
263.4, -0.9132124, 0.6209683
263.5, -0.9132124, 0.6208103
263.65, -0.9150892, 0.6203363
263.7, -0.9157147, 0.6203363
263.85, -0.9163402, 0.6201783
263.9, -0.9163402, 0.6200203
264, -0.9175913, 0.6197043
264.05, -0.9182169, 0.6195464
264.1, -0.9175913, 0.6197043
264.25, -0.9188425, 0.6192303
264.3, -0.9194681, 0.6192303
264.45, -0.9194681, 0.6192303
264.6, -0.9219702, 0.6185983
264.65, -0.9225958, 0.6185983
264.75, -0.9238468, 0.6182824
264.8, -0.9238468, 0.6182824
264.95, -0.926349, 0.6178084
265, -0.926349, 0.6176503
265.2, -0.9276001, 0.6173344
265.35, -0.9288512, 0.6168604
265.4, -0.9294768, 0.6167024
265.5, -0.9288512, 0.6167024
265.55, -0.9294768, 0.6165444
265.6, -0.9301024, 0.6163864
265.75, -0.9301024, 0.6162284
265.9, -0.9326045, 0.6157544
265.95, -0.9326045, 0.6155964
266, -0.9332301, 0.6155964
266.15, -0.9332301, 0.6154384
266.2, -0.9344811, 0.6152804
266.3, -0.9351067, 0.6149644
266.45, -0.9363579, 0.6146485
266.5, -0.9363579, 0.6146485
266.6, -0.9369834, 0.6144904
266.7, -0.9382344, 0.6143325
266.85, -0.9401111, 0.6140165
266.9, -0.9394855, 0.6140165
266.95, -0.9407367, 0.6138585
267.05, -0.9413622, 0.6135425
267.2, -0.9426133, 0.6132265
267.25, -0.9432388, 0.6132265
267.4, -0.94449, 0.6127526
267.45, -0.9451156, 0.6127526
267.6, -0.9463666, 0.6124365
267.65, -0.945741, 0.6124365
267.8, -0.9463666, 0.6122785
267.95, -0.9482433, 0.6119625
268, -0.9488689, 0.6119625
268.15, -0.9501199, 0.6114885
268.2, -0.9501199, 0.6113305
268.3, -0.951371, 0.6111726
268.35, -0.951371, 0.6110145
268.5, -0.9526221, 0.6108565
268.55, -0.9526221, 0.6106985
268.7, -0.9551243, 0.6103826
268.75, -0.9551243, 0.6102245
268.95, -0.9563754, 0.6097506
269.05, -0.9570009, 0.6095926
269.1, -0.9570009, 0.6095926
269.2, -0.958252, 0.6092766
269.3, -0.958252, 0.6092766
269.4, -0.9595032, 0.6089606
269.5, -0.9595032, 0.6088026
269.65, -0.9607542, 0.6086446
269.7, -0.9613798, 0.6084867
269.75, -0.9620054, 0.6084867
269.85, -0.9626309, 0.6083286
270, -0.9645074, 0.6080127
270.05, -0.9645074, 0.6080127
270.2, -0.9651331, 0.6078547
270.25, -0.9657586, 0.6080127
270.35, -0.9663842, 0.6078547
270.45, -0.9670097, 0.6075386
270.55, -0.9682608, 0.6072227
270.6, -0.9688863, 0.6069067
270.7, -0.9701375, 0.6067487
270.8, -0.9713886, 0.6064327
270.9, -0.9726397, 0.6062747
271, -0.9726397, 0.6061167
271.15, -0.9732652, 0.6058007
271.2, -0.9738908, 0.6056427
271.35, -0.975142, 0.6053267
271.55, -0.9763929, 0.6048527
271.7, -0.9770185, 0.6048527
271.75, -0.977644, 0.6048527
271.9, -0.9788951, 0.6045367
271.95, -0.9795206, 0.6043787
272, -0.9801463, 0.6040627
272.1, -0.9807718, 0.6040627
272.3, -0.9820229, 0.6039047
272.45, -0.983274, 0.6032728
272.5, -0.983274, 0.6032728
272.6, -0.9845251, 0.6027988
272.7, -0.9857763, 0.6026408
272.8, -0.9864017, 0.6023248
272.85, -0.9870273, 0.6020088
273, -0.9882784, 0.6015348
273.05, -0.9882784, 0.6013768
273.15, -0.9895295, 0.6012188
273.25, -0.9895295, 0.6009029
273.4, -0.9907806, 0.6005868
273.45, -0.9907806, 0.6005868
273.55, -0.9920317, 0.6004288
273.6, -0.9932828, 0.6002708
273.75, -0.9939083, 0.5997968
273.8, -0.9939083, 0.5997968
273.95, -0.9951595, 0.5994809
274, -0.9951595, 0.5993229
274.15, -0.9964106, 0.5991648
274.2, -0.9970361, 0.5990069
274.25, -0.9976616, 0.5990069
274.35, -0.9976616, 0.5988489
274.4, -0.9989127, 0.5986909
274.55, -0.9989127, 0.5983749
274.7, -1.000789, 0.5980589
274.75, -1.001415, 0.5977429
274.9, -1.002666, 0.5975849
274.95, -1.002666, 0.5972689
275, -1.003917, 0.5971109
275.1, -1.003917, 0.5971109
275.25, -1.005794, 0.596637
275.3, -1.005794, 0.596637
275.45, -1.006419, 0.596321
275.5, -1.007045, 0.596321
275.65, -1.008922, 0.595847
275.7, -1.008922, 0.595847
275.75, -1.009547, 0.595689
275.85, -1.009547, 0.595531
275.9, -1.010798, 0.595215
276.05, -1.010798, 0.595215
276.2, -1.0133, 0.594583
276.25, -1.012675, 0.594583
276.4, -1.013926, 0.594267
276.45, -1.014552, 0.594267
276.5, -1.015177, 0.594109
276.6, -1.015803, 0.593951
276.75, -1.017679, 0.593635
276.8, -1.017679, 0.593477
276.95, -1.01893, 0.593003
277.05, -1.01893, 0.593003
277.15, -1.020807, 0.592845
277.2, -1.021432, 0.5926871
277.25, -1.020807, 0.5926871
277.35, -1.021432, 0.5925291
277.5, -1.023309, 0.5922131
277.55, -1.023309, 0.5922131
277.65, -1.023935, 0.5922131
277.75, -1.025186, 0.5918971
277.9, -1.026437, 0.5915811
277.95, -1.026437, 0.5915811
278.05, -1.027688, 0.5912651
278.1, -1.028314, 0.5912651
278.15, -1.028939, 0.5911071
278.3, -1.029565, 0.5907911
278.4, -1.030816, 0.5906332
278.5, -1.030816, 0.5904751
278.65, -1.032692, 0.5900012
278.7, -1.033318, 0.5900012
278.8, -1.033943, 0.5898432
278.85, -1.033943, 0.5898432
278.95, -1.03582, 0.5895271
279.05, -1.036446, 0.5892111
279.2, -1.038322, 0.5888951
279.25, -1.038322, 0.5888951
279.4, -1.039573, 0.5887371
279.45, -1.039573, 0.5887371
279.55, -1.040825, 0.5884212
279.6, -1.040825, 0.5882632
279.75, -1.042701, 0.5879472
279.8, -1.042701, 0.5879472
279.95, -1.044578, 0.5874732
280, -1.045203, 0.5874732
280.2, -1.045203, 0.5873152
280.3, -1.046454, 0.5869992
280.35, -1.046454, 0.5868412
280.45, -1.047706, 0.5866832
280.55, -1.048331, 0.5863672
280.6, -1.048957, 0.5862092
280.75, -1.050208, 0.5858933
280.9, -1.051459, 0.5855772
280.95, -1.051459, 0.5855772
281.05, -1.05271, 0.5852613
281.1, -1.05271, 0.5851033
281.25, -1.053961, 0.5849453
281.3, -1.054587, 0.5846293
281.35, -1.055838, 0.5846293
281.5, -1.056463, 0.5844713
281.6, -1.057089, 0.5843133
281.7, -1.057714, 0.5839972
281.75, -1.05834, 0.5838392
281.85, -1.059591, 0.5835233
282, -1.061468, 0.5832073
282.05, -1.061468, 0.5832073
282.15, -1.062093, 0.5828913
282.25, -1.062719, 0.5825753
282.3, -1.063344, 0.5825753
282.45, -1.06397, 0.5822593
282.5, -1.064595, 0.5822593
282.6, -1.06397, 0.5821013
282.75, -1.065847, 0.5817853
282.8, -1.066472, 0.5816274
282.85, -1.065847, 0.5816274
283, -1.067098, 0.5813113
283.15, -1.068974, 0.5809954
283.2, -1.0696, 0.5808374
283.3, -1.070225, 0.5805214
283.35, -1.071476, 0.5802054
283.5, -1.072102, 0.5798894
283.55, -1.071476, 0.5798894
283.7, -1.073979, 0.5794154
283.75, -1.073979, 0.5795735
283.85, -1.07523, 0.5790994
283.95, -1.075855, 0.5789415
284, -1.076481, 0.5787835
284.1, -1.077732, 0.5784675
284.3, -1.078358, 0.5779935
284.35, -1.078983, 0.5778354
284.5, -1.079609, 0.5776774
284.6, -1.08086, 0.5775194
284.7, -1.08086, 0.5773615
284.75, -1.082111, 0.5770454
284.85, -1.082736, 0.5768875
284.9, -1.083362, 0.5768875
285.05, -1.083987, 0.5765715
285.2, -1.085238, 0.5760975
285.25, -1.085864, 0.5760975
285.45, -1.087115, 0.5756235
285.6, -1.087115, 0.5754655
285.75, -1.089617, 0.5751495
285.8, -1.089617, 0.5749915
285.9, -1.090243, 0.5749915
286, -1.090243, 0.5746756
286.1, -1.091494, 0.5745175
286.2, -1.09212, 0.5742016
286.3, -1.093371, 0.5738856
286.35, -1.093371, 0.5738856
286.5, -1.095247, 0.5735696
286.55, -1.095247, 0.5735696
286.65, -1.096498, 0.5732536
286.8, -1.096498, 0.5730956
286.85, -1.097749, 0.5727795
286.95, -1.097749, 0.5727795
287, -1.098375, 0.5726216
287.1, -1.099001, 0.5723056
287.25, -1.100252, 0.5719896
287.3, -1.100252, 0.5719896
287.45, -1.102128, 0.5715156
287.5, -1.102128, 0.5715156
287.65, -1.104005, 0.5711996
287.7, -1.104631, 0.5711996
287.85, -1.105256, 0.5707256
287.95, -1.106507, 0.5705677
288.05, -1.107133, 0.5702516
288.15, -1.108384, 0.5699357
288.25, -1.108384, 0.5699357
288.3, -1.109009, 0.5697777
288.45, -1.109635, 0.5696197
288.55, -1.111512, 0.5691457
288.6, -1.111512, 0.5689877
288.7, -1.112763, 0.5688297
288.8, -1.112763, 0.5686717
288.9, -1.114014, 0.5685138
289, -1.114014, 0.5685138
289.15, -1.115265, 0.5681977
289.2, -1.114639, 0.5681977
289.25, -1.115265, 0.5681977
289.35, -1.116516, 0.5678818
289.5, -1.117142, 0.5675657
289.55, -1.117142, 0.5675657
289.7, -1.118393, 0.5672498
289.75, -1.119018, 0.5670917
289.9, -1.12152, 0.5667757
289.95, -1.122146, 0.5666177
290.05, -1.122771, 0.5664597
290.1, -1.122771, 0.5663018
290.2, -1.124023, 0.5661438
290.3, -1.124023, 0.5661438
290.4, -1.125899, 0.5658278
290.5, -1.125899, 0.5655118
290.6, -1.12715, 0.5655118
290.7, -1.127776, 0.5651958
290.75, -1.128401, 0.5650378
290.85, -1.129027, 0.5650378
290.95, -1.130278, 0.5645638
291.05, -1.130278, 0.5644058
291.2, -1.131529, 0.5639318
291.25, -1.132155, 0.5637739
291.3, -1.133406, 0.5636159
291.5, -1.133406, 0.5632998
291.55, -1.134657, 0.5632998
291.6, -1.134657, 0.5631419
291.75, -1.136534, 0.5626679
291.8, -1.136534, 0.5626679
291.9, -1.13841, 0.5623519
292, -1.13841, 0.5621939
292.05, -1.139036, 0.5621939
292.15, -1.139661, 0.5618779
292.2, -1.140287, 0.5618779
292.35, -1.140287, 0.5615619
292.5, -1.141538, 0.5609299
292.55, -1.142164, 0.5609299
292.6, -1.142789, 0.5609299
292.75, -1.144666, 0.5604559
292.85, -1.145291, 0.5601399
292.9, -1.145917, 0.5599819
293.05, -1.147793, 0.5596659
293.2, -1.147793, 0.55935
293.25, -1.149045, 0.55935
293.3, -1.14967, 0.5591919
293.45, -1.150921, 0.558876
293.5, -1.151547, 0.558718
293.65, -1.152172, 0.558402
293.75, -1.153423, 0.558086
293.85, -1.154049, 0.55777
294, -1.1553, 0.557454
294.05, -1.1553, 0.557296
294.2, -1.157177, 0.55698
294.25, -1.156551, 0.55698
294.3, -1.157177, 0.5568221
294.4, -1.157802, 0.556664
294.55, -1.159679, 0.5563481
294.6, -1.160304, 0.5563481
294.75, -1.161555, 0.555874
294.8, -1.162181, 0.555716
294.95, -1.162807, 0.5554
295, -1.162807, 0.555558
295.05, -1.163432, 0.5554
295.15, -1.163432, 0.5552421
295.25, -1.165309, 0.5547681
295.35, -1.16656, 0.5544521
295.5, -1.167186, 0.5542941
295.55, -1.167186, 0.5541361
295.6, -1.167811, 0.5539781
295.75, -1.169062, 0.5536621
295.85, -1.169688, 0.5535041
295.9, -1.170313, 0.5533461
296.05, -1.17219, 0.5530301
296.1, -1.172815, 0.5530301
296.25, -1.174066, 0.5527142
296.3, -1.174066, 0.5525562
296.4, -1.174692, 0.5523981
296.5, -1.174692, 0.5522401
296.6, -1.175943, 0.5520822
296.65, -1.175318, 0.5519242
296.7, -1.175943, 0.5519242
296.85, -1.175943, 0.5516082
296.9, -1.177194, 0.5512922
297.05, -1.178445, 0.5511342
297.2, -1.179071, 0.5508182
297.25, -1.179071, 0.5506602
297.3, -1.180322, 0.5506602
297.4, -1.180948, 0.5505022
297.55, -1.182199, 0.5501862
297.6, -1.182199, 0.5501862
297.75, -1.184075, 0.5495542
297.8, -1.184075, 0.5495542
297.95, -1.185326, 0.5492382
298, -1.185952, 0.5492382
298.1, -1.186578, 0.5489222
298.15, -1.186578, 0.5487642
298.25, -1.187829, 0.5486063
298.35, -1.187829, 0.5482903
298.5, -1.190331, 0.5479743
298.55, -1.190331, 0.5479743
298.7, -1.191582, 0.5476583
298.75, -1.191582, 0.5475003
298.85, -1.192833, 0.5471843
298.9, -1.192833, 0.5471843
298.95, -1.194084, 0.5471843
299.1, -1.195335, 0.5468683
299.15, -1.196586, 0.5467103
299.3, -1.196586, 0.5465523
299.45, -1.198463, 0.5460783
299.5, -1.199088, 0.5459203
299.65, -1.199088, 0.5459203
299.8, -1.20034, 0.5456043
299.85, -1.200965, 0.5456043
300, -1.202842, 0.5449724
300.05, -1.203467, 0.5449724
300.2, -1.204093, 0.5444983
300.25, -1.204718, 0.5444983
300.3, -1.205344, 0.5443404
300.4, -1.20597, 0.5440243
300.55, -1.207846, 0.5438664
300.6, -1.207846, 0.5438664
300.75, -1.209723, 0.5435504
300.8, -1.209723, 0.5432344
300.95, -1.210974, 0.5432344
301, -1.210974, 0.5432344
301.1, -1.212225, 0.5429184
301.15, -1.21285, 0.5429184
301.25, -1.214102, 0.5426024
301.35, -1.214102, 0.5424444
301.5, -1.215353, 0.5421284
301.55, -1.215978, 0.5419704
301.6, -1.216604, 0.5418124
301.75, -1.217229, 0.5416544
301.85, -1.218481, 0.5411804
301.9, -1.219106, 0.5410224
302.05, -1.220357, 0.5405484
302.1, -1.220357, 0.5403905
302.25, -1.220983, 0.5399165
302.3, -1.221608, 0.5399165
302.45, -1.222859, 0.5396005
302.5, -1.223485, 0.5394425
302.55, -1.222859, 0.5392845
302.65, -1.22411, 0.5391265
302.7, -1.224736, 0.5389685
302.85, -1.225361, 0.5388105
303, -1.227238, 0.5384945
303.05, -1.227864, 0.5383365
303.2, -1.229115, 0.5380206
303.25, -1.22974, 0.5378625
303.3, -1.230366, 0.5378625
303.4, -1.230992, 0.5375466
303.55, -1.232868, 0.5370725
303.6, -1.233494, 0.5370725
303.75, -1.234119, 0.5365986
303.8, -1.234745, 0.5365986
303.9, -1.23537, 0.5362825
304, -1.23537, 0.5359666
304.05, -1.236621, 0.5356506
304.15, -1.236621, 0.5354926
304.3, -1.237873, 0.5350186
304.35, -1.237873, 0.5350186
304.4, -1.239124, 0.5348606
304.6, -1.237873, 0.5348606
304.7, -1.239749, 0.5345446
304.75, -1.240375, 0.5342286
304.85, -1.241626, 0.5339127
304.9, -1.242251, 0.5337546
305.1, -1.242251, 0.5334386
305.2, -1.243502, 0.5331227
305.3, -1.244128, 0.5329646
305.45, -1.246005, 0.5326487
305.5, -1.24663, 0.5326487
305.65, -1.247256, 0.5321747
305.7, -1.248507, 0.5320167
305.85, -1.248507, 0.5318587
305.9, -1.249758, 0.5315427
306.05, -1.250383, 0.5312268
306.2, -1.251635, 0.5310687
306.25, -1.25226, 0.5309107
306.4, -1.252886, 0.5305947
306.55, -1.254762, 0.5302787
306.6, -1.255388, 0.5301207
306.7, -1.257265, 0.5298048
306.8, -1.256639, 0.5296468
306.9, -1.25789, 0.5294887
307, -1.25789, 0.5293308
307.1, -1.260392, 0.5288568
307.15, -1.260392, 0.5288568
307.25, -1.261643, 0.5285408
307.35, -1.262894, 0.5283828
307.5, -1.264146, 0.5280668
307.55, -1.264146, 0.5280668
307.65, -1.265397, 0.5277508
307.75, -1.265397, 0.5275928
307.8, -1.264771, 0.5275928
307.9, -1.266648, 0.5272768
307.95, -1.266022, 0.5272768
308.1, -1.266648, 0.5268028
308.25, -1.26915, 0.5266448
308.3, -1.26915, 0.5263288
308.4, -1.270401, 0.5261708
308.5, -1.271027, 0.5258548
308.65, -1.271652, 0.5255389
308.8, -1.273529, 0.5252228
308.85, -1.273529, 0.5252228
309.05, -1.27478, 0.5245909
309.2, -1.276656, 0.5241169
309.25, -1.277282, 0.5239589
309.35, -1.276656, 0.5236429
309.4, -1.277282, 0.5236429
309.5, -1.277908, 0.5233269
309.6, -1.278533, 0.5231689
309.65, -1.279784, 0.5228529
309.8, -1.28041, 0.5226949
309.95, -1.282287, 0.5225369
310, -1.282912, 0.522221
310.1, -1.284163, 0.522063
310.15, -1.284163, 0.522063
310.25, -1.285414, 0.521589
310.35, -1.285414, 0.521589
310.4, -1.286665, 0.521273
310.55, -1.287291, 0.520957
310.6, -1.288542, 0.520799
310.75, -1.289167, 0.520325
310.85, -1.290419, 0.520167
310.9, -1.290419, 0.520009
311.05, -1.29167, 0.519061
311.1, -1.29167, 0.518903
311.2, -1.293546, 0.5185871
311.3, -1.292921, 0.5185871
311.45, -1.294798, 0.5182711
311.5, -1.294798, 0.5182711
311.55, -1.295423, 0.5182711
311.65, -1.296049, 0.517639
311.8, -1.297925, 0.5168491
311.85, -1.297925, 0.5166911
312, -1.299802, 0.5157431
312.05, -1.299802, 0.5154272
312.2, -1.301053, 0.5147951
312.25, -1.302304, 0.5144792
312.35, -1.30293, 0.5140052
312.4, -1.303555, 0.5136892
312.45, -1.30293, 0.5136892
312.6, -1.303555, 0.5135312
312.7, -1.304806, 0.5132152
312.8, -1.305432, 0.5130572
312.9, -1.306683, 0.5128992
313, -1.307309, 0.5125833
313.05, -1.307934, 0.5124252
313.15, -1.307934, 0.5122672
313.25, -1.309185, 0.5121092
313.35, -1.309185, 0.5117933
313.4, -1.310436, 0.5117933
313.55, -1.310436, 0.5116352
313.6, -1.311687, 0.5113192
313.75, -1.312313, 0.5111613
313.8, -1.312939, 0.5110033
313.9, -1.314189, 0.5110033
314, -1.315441, 0.5105293
314.1, -1.316066, 0.5105293
314.15, -1.316692, 0.5102133
314.3, -1.316692, 0.5105293
314.4, -1.317943, 0.5102133
314.45, -1.319194, 0.5098973
314.65, -1.319819, 0.5095813
314.8, -1.321071, 0.5087913
314.85, -1.322322, 0.5086333
315, -1.323573, 0.5076854
315.05, -1.323573, 0.5076854
315.15, -1.324824, 0.5073693
315.2, -1.324824, 0.5072114
315.35, -1.325449, 0.5068954
315.4, -1.325449, 0.5067374
315.55, -1.327326, 0.5061054
315.6, -1.327952, 0.5059474
315.65, -1.328577, 0.5059474
315.8, -1.329828, 0.5056314
315.9, -1.330454, 0.5056314
315.95, -1.331079, 0.5056314
316, -1.330454, 0.5056314
316.15, -1.331705, 0.5051574
316.25, -1.33233, 0.5049994
316.35, -1.332956, 0.5046834
316.4, -1.333582, 0.5046834
316.55, -1.334207, 0.5043675
316.65, -1.335458, 0.5040514
316.7, -1.336084, 0.5040514
316.85, -1.337961, 0.5034195
316.9, -1.337961, 0.5034195
317.1, -1.339837, 0.5029455
317.25, -1.340462, 0.5027875
317.3, -1.341088, 0.5026295
317.35, -1.341714, 0.5024715
317.45, -1.342339, 0.5023135
317.55, -1.342965, 0.5019975
317.65, -1.34359, 0.5016815
317.8, -1.345467, 0.5012075
317.85, -1.346093, 0.5010495
318, -1.347344, 0.5008915
318.05, -1.347344, 0.5007336
318.15, -1.346718, 0.5005755
318.2, -1.346718, 0.5004175
318.3, -1.348595, 0.4999436
318.4, -1.350471, 0.4996276
318.45, -1.351097, 0.4994696
318.6, -1.351097, 0.4993116
318.75, -1.352348, 0.4986796
318.8, -1.352974, 0.4986796
318.85, -1.353599, 0.4985216
318.95, -1.35485, 0.4980476
319.05, -1.355476, 0.4975736
319.15, -1.355476, 0.4972576
319.2, -1.356101, 0.4970996
319.35, -1.356727, 0.4966257
319.5, -1.358604, 0.4963097
319.55, -1.358604, 0.4961517
319.65, -1.359855, 0.4958357
319.7, -1.36048, 0.4956777
319.85, -1.362357, 0.4952037
319.9, -1.362357, 0.4952037
320.05, -1.364234, 0.4945717
320.1, -1.362982, 0.4945717
320.25, -1.365485, 0.4942557
320.3, -1.365485, 0.4939397
320.4, -1.366736, 0.4936238
320.5, -1.366736, 0.4936238
320.6, -1.367987, 0.4933078
320.65, -1.367987, 0.4931498
320.7, -1.368612, 0.4929918
320.85, -1.369863, 0.4928338
320.95, -1.371115, 0.4925178
321.05, -1.371115, 0.4923598
321.1, -1.372366, 0.4922018
321.2, -1.37174, 0.4922018
321.3, -1.373617, 0.4914118
321.4, -1.373617, 0.4912538
321.55, -1.374868, 0.4907798
321.6, -1.376119, 0.4906218
321.7, -1.376744, 0.4904639
321.8, -1.37737, 0.4904639
321.85, -1.377996, 0.4903058
321.95, -1.377996, 0.4899898
322.05, -1.379872, 0.4895158
322.15, -1.379872, 0.4891998
322.25, -1.380498, 0.4888839
322.35, -1.381123, 0.4882519
322.4, -1.381749, 0.4882519
322.55, -1.383, 0.4874619
322.65, -1.384251, 0.4869879
322.7, -1.385502, 0.4869879
322.75, -1.386128, 0.4866719
322.9, -1.386753, 0.4863559
323.05, -1.387379, 0.4860399
323.1, -1.388004, 0.485882
323.25, -1.38863, 0.485724
323.3, -1.38863, 0.485566
323.35, -1.389256, 0.485408
323.45, -1.389881, 0.48525
323.6, -1.391758, 0.484618
323.65, -1.391758, 0.484302
323.8, -1.393634, 0.483828
323.85, -1.393634, 0.483828
324, -1.394885, 0.48367
324.05, -1.39426, 0.48367
324.15, -1.396136, 0.483354
324.2, -1.396762, 0.483196
324.35, -1.397388, 0.48288
324.4, -1.397388, 0.48288
324.55, -1.39989, 0.4825641
324.6, -1.39989, 0.4822481
324.7, -1.401141, 0.4819321
324.8, -1.401141, 0.4813001
324.85, -1.401767, 0.4809841
324.95, -1.402392, 0.4806681
325.05, -1.403643, 0.4806681
325.15, -1.404269, 0.4805101
325.3, -1.404894, 0.4798781
325.35, -1.406145, 0.4797201
325.5, -1.408022, 0.4792461
325.55, -1.408022, 0.4790882
325.65, -1.408647, 0.4786142
325.7, -1.408647, 0.4786142
325.75, -1.409273, 0.4782982
325.9, -1.409899, 0.4779822
326, -1.411775, 0.4776662
326.15, -1.41115, 0.4776662
326.25, -1.413026, 0.4770342
326.3, -1.413026, 0.4770342
326.35, -1.414277, 0.4770342
326.45, -1.414277, 0.4767182
326.6, -1.416154, 0.4762442
326.65, -1.416154, 0.4762442
326.8, -1.418031, 0.4756122
326.85, -1.418031, 0.4756122
326.9, -1.418656, 0.4756122
327.05, -1.419282, 0.4749802
327.15, -1.418656, 0.4748223
327.2, -1.419907, 0.4743483
327.3, -1.421158, 0.4740323
327.4, -1.421158, 0.4737163
327.55, -1.423035, 0.4732423
327.6, -1.423661, 0.4729263
327.7, -1.424912, 0.4726103
327.8, -1.424912, 0.4721363
327.9, -1.425537, 0.4716623
327.95, -1.426163, 0.4715044
328, -1.427414, 0.4713463
328.15, -1.42804, 0.4708724
328.25, -1.429291, 0.4705564
328.35, -1.428665, 0.4703984
328.5, -1.429916, 0.4702404
328.55, -1.430542, 0.4699244
328.65, -1.431167, 0.4697664
328.7, -1.432418, 0.4694504
328.85, -1.434295, 0.4689764
328.9, -1.434295, 0.4688184
328.95, -1.435546, 0.4686604
329.1, -1.436172, 0.4683444
329.15, -1.436797, 0.4683444
329.3, -1.438048, 0.4678704
329.4, -1.438674, 0.4675545
329.45, -1.439299, 0.4673964
329.6, -1.439925, 0.4669225
329.65, -1.440551, 0.4669225
329.7, -1.441176, 0.4667645
329.85, -1.441802, 0.4662905
329.95, -1.443053, 0.4661325
330.05, -1.443678, 0.4659745
330.15, -1.444929, 0.4656585
330.2, -1.445555, 0.4655005
330.35, -1.446806, 0.4650265
330.4, -1.447431, 0.4650265
330.5, -1.446806, 0.4647105
330.6, -1.448057, 0.4643945
330.7, -1.449308, 0.4639205
330.8, -1.449934, 0.4636046
330.85, -1.451185, 0.4636046
330.95, -1.451185, 0.4632886
331.15, -1.45181, 0.4628146
331.2, -1.453062, 0.4626566
331.35, -1.453062, 0.4623406
331.5, -1.454938, 0.4618666
331.55, -1.455564, 0.4617086
331.6, -1.454938, 0.4615506
331.75, -1.455564, 0.4612346
331.8, -1.456815, 0.4610766
331.9, -1.458066, 0.4606026
332, -1.459317, 0.4602866
332.1, -1.459317, 0.4599707
332.25, -1.461194, 0.4596547
332.3, -1.461194, 0.4596547
332.4, -1.461819, 0.4593387
332.45, -1.461819, 0.4591807
332.55, -1.46307, 0.4587067
332.65, -1.46307, 0.4585487
332.75, -1.464321, 0.4582327
332.85, -1.464321, 0.4582327
332.95, -1.466198, 0.4579167
333.05, -1.466198, 0.4576007
333.15, -1.468075, 0.4572847
333.25, -1.468075, 0.4569688
333.35, -1.469326, 0.4566528
333.4, -1.469951, 0.4563367
333.55, -1.472453, 0.4558628
333.6, -1.472453, 0.4557048
333.75, -1.473705, 0.4553888
333.8, -1.473705, 0.4552308
333.9, -1.474956, 0.4550728
333.95, -1.474956, 0.4549148
334.05, -1.476207, 0.4545988
334.15, -1.476832, 0.4542828
334.3, -1.477458, 0.4539668
334.35, -1.478083, 0.4539668
334.5, -1.479335, 0.4534928
334.55, -1.479335, 0.4534928
334.65, -1.47996, 0.4531768
334.7, -1.480586, 0.4530188
334.9, -1.481211, 0.4527029
335.05, -1.483088, 0.4522289
335.1, -1.483088, 0.4522289
335.2, -1.484339, 0.4519129
335.3, -1.484339, 0.4519129
335.4, -1.48559, 0.4517549
335.45, -1.48559, 0.4515969
335.55, -1.486841, 0.4511229
335.65, -1.486841, 0.4509649
335.8, -1.488718, 0.4506489
335.85, -1.488718, 0.4506489
335.95, -1.489343, 0.4504909
336.05, -1.489343, 0.4503329
336.15, -1.49122, 0.4497009
336.2, -1.49122, 0.4497009
336.3, -1.492471, 0.4492269
336.4, -1.493097, 0.448911
336.55, -1.494973, 0.448595
336.6, -1.494973, 0.448437
336.75, -1.496224, 0.448279
336.8, -1.497476, 0.447647
336.95, -1.497476, 0.447173
337.15, -1.498727, 0.446541
337.3, -1.500603, 0.446225
337.35, -1.499978, 0.446067
337.5, -1.501854, 0.445751
